task_id,employee_id,project_id,task_type,task_priority,task_status,assigned_date,due_date,completion_date,estimated_hours,actual_hours,delay_flag,completion_time,efficiency,employee_name,gender,age,department,job_role,experience_years,joining_date,work_mode,location,manager_id,salary_band,employment_type,utilization_rate
T1,E186,P1,Analysis,High,Completed,2024-02-15,2024-02-16,2024-02-16,3,4,No,1,0.75,Employee_86,F,35,HR,Analyst,13,,Onsite,Mumbai,M203,High,Full-time,0.7495502645502645
T2,E101,P7,Testing,Low,Completed,2024-01-08,2024-01-13,2024-01-13,5,2,No,5,2.5,Employee_1,F,27,Sales,Manager,8,,Remote,Delhi,M201,Mid,Full-time,0.7621825396825397
T3,E107,P15,Analysis,High,Completed,2024-01-10,2024-01-15,2024-01-15,8,7,No,5,1.1428571428571428,Employee_7,F,44,IT,Executive,12,,Hybrid,Delhi,M201,High,Full-time,0.7711388888888889
T4,E108,P16,Analysis,High,Completed,2024-02-15,2024-02-20,2024-02-21,4,7,Yes,6,0.5714285714285714,Employee_8,M,50,IT,Analyst,15,,Hybrid,Bangalore,M207,Low,Full-time,0.875
T5,E114,P9,Meeting,High,Completed,2024-01-24,2024-01-27,2024-01-28,6,5,Yes,4,1.2,Employee_14,F,31,Finance,Manager,6,,Hybrid,Bangalore,M206,Mid,Full-time,0.8085185185185185
T6,E166,P18,Analysis,Medium,Completed,2024-02-18,2024-02-23,2024-02-24,2,8,Yes,6,0.25,Employee_66,M,43,Finance,Executive,14,,Onsite,Bangalore,M202,High,Full-time,0.7827767857142858
T7,E151,P3,Development,Low,Completed,2024-02-02,2024-02-04,2024-02-05,2,3,Yes,3,0.6666666666666666,Employee_51,M,33,IT,Analyst,4,,Onsite,Delhi,M204,Mid,Full-time,0.7705799319727892
T8,E172,P19,Testing,Low,Completed,2024-01-16,2024-01-20,2024-01-20,7,8,No,4,0.875,Employee_72,M,43,Finance,Executive,9,,Hybrid,Delhi,M208,Mid,Full-time,0.7654444444444444
T9,E162,P17,Testing,Low,Completed,2024-02-21,2024-02-25,2024-02-25,6,8,No,4,0.75,Employee_62,F,34,Finance,Executive,14,,Remote,Delhi,M203,High,Full-time,0.6888333333333333
T10,E125,P17,Meeting,Medium,Completed,2024-01-22,2024-01-23,2024-01-23,3,6,No,1,0.5,Employee_25,M,44,Finance,Manager,8,,Remote,Bangalore,M209,Low,Full-time,0.7844189342403628
T11,E123,P7,Meeting,High,Completed,2024-01-23,2024-01-24,2024-01-25,5,6,Yes,2,0.8333333333333334,Employee_23,M,47,IT,Engineer,5,,Remote,Pune,M206,Low,Full-time,0.8247619047619048
T12,E173,P6,Testing,Low,Completed,2024-02-01,2024-02-03,2024-02-03,5,4,No,2,1.25,Employee_73,M,45,Sales,Executive,2,,Hybrid,Delhi,M201,Low,Full-time,0.7672698412698413
T13,E136,P10,Analysis,Medium,Completed,2024-02-25,2024-02-28,2024-02-28,7,8,No,3,0.875,Employee_36,M,43,Sales,Analyst,12,,Remote,Bangalore,M204,Low,Full-time,0.6768063492063492
T14,E170,P9,Meeting,Medium,Completed,2024-01-18,2024-01-20,2024-01-20,8,10,No,2,0.8,Employee_70,M,42,HR,Analyst,10,,Remote,Mumbai,M207,High,Full-time,0.8141865079365079
T15,E182,P7,Testing,Medium,Completed,2024-01-15,2024-01-18,2024-01-18,5,2,No,3,2.5,Employee_82,F,43,Finance,Manager,4,,Hybrid,Bangalore,M201,High,Full-time,0.7195088183421517
T16,E177,P8,Analysis,Low,Completed,2024-01-14,2024-01-19,2024-01-20,4,2,Yes,6,2.0,Employee_77,M,47,IT,Manager,11,,Remote,Delhi,M204,High,Full-time,0.7324567901234569
T17,E162,P1,Development,High,Completed,2024-02-13,2024-02-14,2024-02-14,5,2,No,1,2.5,Employee_62,F,34,Finance,Executive,14,,Remote,Delhi,M203,High,Full-time,0.6888333333333333
T18,E105,P1,Meeting,Medium,Completed,2024-02-02,2024-02-07,2024-02-07,5,6,No,5,0.8333333333333334,Employee_5,F,39,HR,Engineer,10,,Hybrid,Mumbai,M201,High,Full-time,0.7870190476190476
T19,E155,P13,Testing,Medium,Completed,2024-02-20,2024-02-24,2024-02-24,8,7,No,4,1.1428571428571428,Employee_55,M,33,Finance,Executive,10,,Remote,Bangalore,M210,High,Full-time,0.7941666666666667
T20,E146,P3,Development,Medium,Completed,2024-01-13,2024-01-17,2024-01-17,2,9,No,4,0.2222222222222222,Employee_46,M,50,Sales,Executive,10,,Onsite,Bangalore,M204,Mid,Full-time,0.7841833333333333
T21,E171,P17,Meeting,Medium,Completed,2024-02-07,2024-02-08,2024-02-08,6,6,No,1,1.0,Employee_71,M,42,HR,Engineer,8,,Remote,Pune,M208,High,Full-time,0.7943904761904761
T22,E198,P4,Development,High,Completed,2024-01-23,2024-01-25,2024-01-25,5,10,No,2,0.5,Employee_98,F,24,Finance,Engineer,7,,Hybrid,Bangalore,M210,Mid,Full-time,0.7043095238095238
T23,E166,P12,Testing,High,Completed,2024-02-24,2024-02-28,2024-02-29,7,5,Yes,5,1.4,Employee_66,M,43,Finance,Executive,14,,Onsite,Bangalore,M202,High,Full-time,0.7827767857142858
T24,E126,P10,Analysis,Low,Completed,2024-01-08,2024-01-11,2024-01-11,7,10,No,3,0.7,Employee_26,M,40,HR,Executive,4,,Hybrid,Pune,M210,Low,Full-time,0.8008333333333333
T25,E147,P6,Development,Medium,Completed,2024-01-11,2024-01-12,2024-01-12,3,4,No,1,0.75,Employee_47,F,44,HR,Manager,6,,Onsite,Delhi,M210,Mid,Full-time,0.7898571428571428
T26,E102,P1,Meeting,Medium,Completed,2024-01-31,2024-02-04,2024-02-04,8,3,No,4,2.6666666666666665,Employee_2,F,23,Finance,Executive,15,,Hybrid,Mumbai,M204,High,Full-time,0.70559126984127
T27,E196,P10,Testing,High,Completed,2024-02-20,2024-02-25,2024-02-25,2,2,No,5,1.0,Employee_96,M,24,HR,Engineer,5,,Hybrid,Mumbai,M205,High,Full-time,0.7428677248677249
T28,E183,P3,Development,High,Completed,2024-01-20,2024-01-25,2024-01-26,6,6,Yes,6,1.0,Employee_83,M,29,Sales,Analyst,8,,Hybrid,Mumbai,M202,Mid,Full-time,0.7279166666666667
T29,E135,P7,Analysis,Medium,Completed,2024-01-05,2024-01-07,2024-01-07,8,4,No,2,2.0,Employee_35,F,32,Finance,Executive,1,,Remote,Mumbai,M203,Low,Full-time,0.711875
T30,E104,P10,Analysis,Low,Completed,2024-02-26,2024-02-27,2024-02-28,7,5,Yes,2,1.4,Employee_4,M,27,IT,Manager,15,,Remote,Delhi,M210,Low,Full-time,0.7782592592592592
T31,E107,P12,Analysis,Low,Completed,2024-02-23,2024-02-27,2024-02-28,4,5,Yes,5,0.8,Employee_7,F,44,IT,Executive,12,,Hybrid,Delhi,M201,High,Full-time,0.7711388888888889
T32,E128,P12,Development,Medium,Completed,2024-01-10,2024-01-13,2024-01-13,7,10,No,3,0.7,Employee_28,F,38,Finance,Executive,3,,Remote,Bangalore,M206,Low,Full-time,0.73
T33,E111,P13,Meeting,Low,Completed,2024-02-02,2024-02-05,2024-02-06,8,3,Yes,4,2.6666666666666665,Employee_11,M,34,Finance,Engineer,5,,Onsite,Bangalore,M205,High,Full-time,0.7758666666666667
T34,E181,P16,Development,Medium,Completed,2024-02-09,2024-02-13,2024-02-13,6,4,No,4,1.5,Employee_81,F,40,Sales,Executive,9,,Hybrid,Mumbai,M209,Low,Full-time,0.6755952380952381
T35,E102,P16,Meeting,High,Completed,2024-01-25,2024-01-26,2024-01-26,6,2,No,1,3.0,Employee_2,F,23,Finance,Executive,15,,Hybrid,Mumbai,M204,High,Full-time,0.70559126984127
T36,E101,P5,Development,Medium,Completed,2024-01-21,2024-01-23,2024-01-23,4,3,No,2,1.3333333333333333,Employee_1,F,27,Sales,Manager,8,,Remote,Delhi,M201,Mid,Full-time,0.7621825396825397
T37,E113,P20,Meeting,Medium,Completed,2024-01-21,2024-01-22,2024-01-23,6,5,Yes,2,1.2,Employee_13,M,33,Finance,Analyst,8,,Onsite,Bangalore,M203,Low,Full-time,0.8050095238095238
T38,E180,P12,Testing,Medium,Completed,2024-01-23,2024-01-26,2024-01-26,3,9,No,3,0.3333333333333333,Employee_80,F,29,HR,Manager,11,,Hybrid,Bangalore,M201,High,Full-time,0.7824
T39,E170,P12,Development,Medium,Completed,2024-01-24,2024-01-26,2024-01-26,5,6,No,2,0.8333333333333334,Employee_70,M,42,HR,Analyst,10,,Remote,Mumbai,M207,High,Full-time,0.8141865079365079
T40,E183,P1,Testing,High,Completed,2024-01-28,2024-01-31,2024-02-01,2,3,Yes,4,0.6666666666666666,Employee_83,M,29,Sales,Analyst,8,,Hybrid,Mumbai,M202,Mid,Full-time,0.7279166666666667
T41,E182,P5,Testing,Low,Completed,2024-02-26,2024-03-01,2024-03-02,2,7,Yes,5,0.2857142857142857,Employee_82,F,43,Finance,Manager,4,,Hybrid,Bangalore,M201,High,Full-time,0.7195088183421517
T42,E174,P15,Testing,Low,Completed,2024-01-23,2024-01-26,2024-01-26,7,7,No,3,1.0,Employee_74,M,43,HR,Analyst,15,,Onsite,Pune,M201,Low,Full-time,0.7594952380952381
T43,E178,P7,Analysis,Medium,Completed,2024-02-11,2024-02-12,2024-02-13,2,6,Yes,2,0.3333333333333333,Employee_78,F,29,HR,Executive,7,,Remote,Bangalore,M205,Low,Full-time,0.7467162698412699
T44,E193,P14,Analysis,Low,Completed,2024-02-23,2024-02-24,2024-02-25,3,2,Yes,2,1.5,Employee_93,M,32,HR,Engineer,14,,Onsite,Delhi,M208,High,Full-time,0.7477777777777779
T45,E108,P19,Analysis,Medium,Completed,2024-01-23,2024-01-24,2024-01-24,6,8,No,1,0.75,Employee_8,M,50,IT,Analyst,15,,Hybrid,Bangalore,M207,Low,Full-time,0.875
T46,E152,P12,Development,Medium,Completed,2024-01-30,2024-02-01,2024-02-01,3,2,No,2,1.5,Employee_52,F,32,Finance,Engineer,12,,Hybrid,Mumbai,M201,Low,Full-time,0.6868148148148148
T47,E136,P10,Development,Medium,Completed,2024-01-31,2024-02-05,2024-02-06,8,7,Yes,6,1.1428571428571428,Employee_36,M,43,Sales,Analyst,12,,Remote,Bangalore,M204,Low,Full-time,0.6768063492063492
T48,E123,P19,Meeting,Low,Completed,2024-02-13,2024-02-16,2024-02-16,8,10,No,3,0.8,Employee_23,M,47,IT,Engineer,5,,Remote,Pune,M206,Low,Full-time,0.8247619047619048
T49,E197,P9,Development,High,Completed,2024-01-21,2024-01-23,2024-01-23,4,7,No,2,0.5714285714285714,Employee_97,F,24,IT,Analyst,9,,Onsite,Mumbai,M208,High,Full-time,0.749047619047619
T50,E162,P13,Testing,High,Completed,2024-01-27,2024-01-29,2024-01-30,7,4,Yes,3,1.75,Employee_62,F,34,Finance,Executive,14,,Remote,Delhi,M203,High,Full-time,0.6888333333333333
T51,E168,P12,Meeting,Low,Completed,2024-01-14,2024-01-19,2024-01-20,4,10,Yes,6,0.4,Employee_68,F,45,Finance,Executive,13,,Remote,Delhi,M210,Low,Full-time,0.7415952380952382
T52,E167,P20,Testing,Medium,Completed,2024-02-29,2024-03-05,2024-03-06,7,10,Yes,6,0.7,Employee_67,F,35,Sales,Engineer,7,,Hybrid,Mumbai,M201,Low,Full-time,0.8327592592592593
T53,E182,P9,Development,Low,Completed,2024-01-23,2024-01-28,2024-01-28,2,6,No,5,0.3333333333333333,Employee_82,F,43,Finance,Manager,4,,Hybrid,Bangalore,M201,High,Full-time,0.7195088183421517
T54,E142,P9,Meeting,Low,Completed,2024-01-15,2024-01-17,2024-01-17,7,9,No,2,0.7777777777777778,Employee_42,M,26,Sales,Manager,6,,Hybrid,Pune,M209,Mid,Full-time,0.7699938271604938
T55,E101,P9,Meeting,Low,Completed,2024-01-03,2024-01-07,2024-01-08,3,3,Yes,5,1.0,Employee_1,F,27,Sales,Manager,8,,Remote,Delhi,M201,Mid,Full-time,0.7621825396825397
T56,E139,P18,Development,High,Completed,2024-01-19,2024-01-20,2024-01-21,8,5,Yes,2,1.6,Employee_39,F,32,Finance,Analyst,2,,Onsite,Delhi,M209,Mid,Full-time,0.7454285714285714
T57,E152,P13,Development,High,Completed,2024-01-11,2024-01-12,2024-01-12,8,5,No,1,1.6,Employee_52,F,32,Finance,Engineer,12,,Hybrid,Mumbai,M201,Low,Full-time,0.6868148148148148
T58,E169,P10,Testing,High,Completed,2024-01-17,2024-01-19,2024-01-19,8,5,No,2,1.6,Employee_69,F,22,Sales,Executive,7,,Hybrid,Delhi,M201,Low,Full-time,0.7823129960317461
T59,E129,P9,Meeting,Low,Completed,2024-01-03,2024-01-04,2024-01-04,3,9,No,1,0.3333333333333333,Employee_29,M,34,Sales,Engineer,13,,Onsite,Bangalore,M202,Mid,Full-time,0.6812928571428571
T60,E119,P18,Testing,High,Completed,2024-01-10,2024-01-14,2024-01-15,7,7,Yes,5,1.0,Employee_19,M,25,Sales,Engineer,10,,Onsite,Delhi,M209,Mid,Full-time,0.7480000000000001
T61,E134,P4,Testing,Low,Completed,2024-01-17,2024-01-20,2024-01-21,2,6,Yes,4,0.3333333333333333,Employee_34,F,38,Finance,Engineer,2,,Onsite,Bangalore,M201,Mid,Full-time,0.7932837301587301
T62,E106,P9,Development,Low,Completed,2024-02-25,2024-02-26,2024-02-26,5,8,No,1,0.625,Employee_6,M,32,HR,Engineer,3,,Onsite,Pune,M202,Low,Full-time,0.7846402116402116
T63,E163,P10,Meeting,High,Completed,2024-01-27,2024-01-28,2024-01-28,6,10,No,1,0.6,Employee_63,F,46,Sales,Engineer,10,,Remote,Delhi,M209,High,Full-time,0.6536309523809524
T64,E171,P17,Analysis,Medium,Completed,2024-01-17,2024-01-22,2024-01-22,6,10,No,5,0.6,Employee_71,M,42,HR,Engineer,8,,Remote,Pune,M208,High,Full-time,0.7943904761904761
T65,E185,P1,Meeting,Low,Completed,2024-02-25,2024-03-01,2024-03-02,8,3,Yes,6,2.6666666666666665,Employee_85,M,22,IT,Engineer,4,,Hybrid,Delhi,M203,Low,Full-time,0.690952380952381
T66,E139,P7,Development,High,Completed,2024-01-18,2024-01-23,2024-01-23,4,9,No,5,0.4444444444444444,Employee_39,F,32,Finance,Analyst,2,,Onsite,Delhi,M209,Mid,Full-time,0.7454285714285714
T67,E149,P6,Meeting,Medium,Completed,2024-01-29,2024-01-31,2024-01-31,7,5,No,2,1.4,Employee_49,F,41,Finance,Engineer,11,,Onsite,Delhi,M207,High,Full-time,0.7679219576719576
T68,E178,P8,Development,High,Completed,2024-02-22,2024-02-27,2024-02-28,3,5,Yes,6,0.6,Employee_78,F,29,HR,Executive,7,,Remote,Bangalore,M205,Low,Full-time,0.7467162698412699
T69,E199,P19,Analysis,Low,Completed,2024-01-10,2024-01-12,2024-01-12,5,4,No,2,1.25,Employee_99,F,49,Finance,Engineer,15,,Hybrid,Mumbai,M206,High,Full-time,0.7207568027210884
T70,E143,P19,Meeting,Low,Completed,2024-02-04,2024-02-05,2024-02-05,4,7,No,1,0.5714285714285714,Employee_43,F,36,Sales,Engineer,1,,Onsite,Pune,M206,Low,Full-time,0.6661428571428571
T71,E161,P9,Analysis,Medium,Completed,2024-02-21,2024-02-25,2024-02-25,7,9,No,4,0.7777777777777778,Employee_61,M,39,IT,Analyst,7,,Onsite,Pune,M204,High,Full-time,0.7738888888888888
T72,E188,P18,Meeting,Low,Completed,2024-02-02,2024-02-03,2024-02-03,6,8,No,1,0.75,Employee_88,M,32,IT,Analyst,12,,Remote,Bangalore,M203,Low,Full-time,0.6921111111111111
T73,E195,P8,Testing,Medium,Completed,2024-01-23,2024-01-26,2024-01-26,4,6,No,3,0.6666666666666666,Employee_95,F,47,HR,Manager,12,,Remote,Delhi,M203,Low,Full-time,0.7920340136054422
T74,E183,P12,Meeting,Low,Completed,2024-02-15,2024-02-20,2024-02-20,4,2,No,5,2.0,Employee_83,M,29,Sales,Analyst,8,,Hybrid,Mumbai,M202,Mid,Full-time,0.7279166666666667
T75,E148,P8,Meeting,Medium,Completed,2024-01-11,2024-01-13,2024-01-13,5,8,No,2,0.625,Employee_48,M,40,Sales,Executive,12,,Remote,Pune,M201,Mid,Full-time,0.7464857142857143
T76,E196,P2,Development,High,Completed,2024-01-28,2024-01-29,2024-01-29,6,5,No,1,1.2,Employee_96,M,24,HR,Engineer,5,,Hybrid,Mumbai,M205,High,Full-time,0.7428677248677249
T77,E170,P3,Meeting,Medium,Completed,2024-01-08,2024-01-10,2024-01-11,8,8,Yes,3,1.0,Employee_70,M,42,HR,Analyst,10,,Remote,Mumbai,M207,High,Full-time,0.8141865079365079
T78,E127,P11,Meeting,High,Completed,2024-01-07,2024-01-11,2024-01-11,5,7,No,4,0.7142857142857143,Employee_27,F,23,Finance,Manager,15,,Onsite,Mumbai,M203,High,Full-time,0.7761285714285714
T79,E154,P14,Testing,Medium,Completed,2024-02-02,2024-02-03,2024-02-03,2,8,No,1,0.25,Employee_54,M,46,Finance,Executive,9,,Remote,Pune,M205,Mid,Full-time,0.765
T80,E145,P6,Development,Medium,Completed,2024-03-01,2024-03-05,2024-03-05,6,4,No,4,1.5,Employee_45,F,23,IT,Manager,2,,Onsite,Bangalore,M206,Low,Full-time,0.7096676587301587
T81,E107,P18,Testing,Low,Completed,2024-02-24,2024-02-28,2024-02-28,7,4,No,4,1.75,Employee_7,F,44,IT,Executive,12,,Hybrid,Delhi,M201,High,Full-time,0.7711388888888889
T82,E187,P3,Testing,Low,Completed,2024-02-01,2024-02-04,2024-02-04,4,8,No,3,0.5,Employee_87,M,41,Finance,Manager,6,,Hybrid,Delhi,M210,Low,Full-time,0.7224355158730159
T83,E188,P10,Development,High,Completed,2024-01-08,2024-01-13,2024-01-13,8,4,No,5,2.0,Employee_88,M,32,IT,Analyst,12,,Remote,Bangalore,M203,Low,Full-time,0.6921111111111111
T84,E193,P19,Development,Low,Completed,2024-01-12,2024-01-17,2024-01-17,3,6,No,5,0.5,Employee_93,M,32,HR,Engineer,14,,Onsite,Delhi,M208,High,Full-time,0.7477777777777779
T85,E140,P2,Meeting,Medium,Completed,2024-01-01,2024-01-06,2024-01-07,3,5,Yes,6,0.6,Employee_40,F,31,HR,Engineer,10,,Remote,Mumbai,M210,Mid,Full-time,0.7811517857142858
T86,E155,P11,Testing,High,Completed,2024-01-14,2024-01-18,2024-01-18,4,9,No,4,0.4444444444444444,Employee_55,M,33,Finance,Executive,10,,Remote,Bangalore,M210,High,Full-time,0.7941666666666667
T87,E190,P14,Analysis,Low,Completed,2024-01-13,2024-01-16,2024-01-16,2,2,No,3,1.0,Employee_90,M,36,Finance,Executive,6,,Remote,Bangalore,M202,Low,Full-time,0.7282619047619047
T88,E179,P8,Testing,Low,Completed,2024-02-06,2024-02-08,2024-02-09,7,10,Yes,3,0.7,Employee_79,F,24,HR,Executive,15,,Hybrid,Bangalore,M201,Low,Full-time,0.7968518518518518
T89,E151,P17,Development,Low,Completed,2024-01-14,2024-01-17,2024-01-17,2,3,No,3,0.6666666666666666,Employee_51,M,33,IT,Analyst,4,,Onsite,Delhi,M204,Mid,Full-time,0.7705799319727892
T90,E159,P10,Development,Medium,Completed,2024-02-16,2024-02-18,2024-02-18,4,4,No,2,1.0,Employee_59,M,45,Finance,Manager,1,,Remote,Pune,M205,Low,Full-time,0.7160694444444444
T91,E109,P3,Testing,High,Completed,2024-01-04,2024-01-05,2024-01-05,6,9,No,1,0.6666666666666666,Employee_9,M,37,Finance,Analyst,7,,Hybrid,Bangalore,M202,Mid,Full-time,0.77335
T92,E146,P10,Testing,Low,Completed,2024-02-21,2024-02-25,2024-02-25,7,6,No,4,1.1666666666666667,Employee_46,M,50,Sales,Executive,10,,Onsite,Bangalore,M204,Mid,Full-time,0.7841833333333333
T93,E194,P12,Meeting,High,Completed,2024-01-18,2024-01-19,2024-01-19,5,7,No,1,0.7142857142857143,Employee_94,M,24,IT,Manager,3,,Remote,Bangalore,M201,High,Full-time,0.7213756613756613
T94,E192,P7,Analysis,Medium,Completed,2024-01-21,2024-01-24,2024-01-24,6,3,No,3,2.0,Employee_92,F,42,Finance,Executive,14,,Onsite,Bangalore,M205,Low,Full-time,0.7756481481481482
T95,E166,P13,Meeting,Low,Completed,2024-01-05,2024-01-10,2024-01-10,4,4,No,5,1.0,Employee_66,M,43,Finance,Executive,14,,Onsite,Bangalore,M202,High,Full-time,0.7827767857142858
T96,E194,P8,Meeting,Low,Completed,2024-02-20,2024-02-21,2024-02-22,2,5,Yes,2,0.4,Employee_94,M,24,IT,Manager,3,,Remote,Bangalore,M201,High,Full-time,0.7213756613756613
T97,E163,P15,Development,Medium,Completed,2024-01-24,2024-01-26,2024-01-26,5,4,No,2,1.25,Employee_63,F,46,Sales,Engineer,10,,Remote,Delhi,M209,High,Full-time,0.6536309523809524
T98,E168,P4,Development,Medium,Completed,2024-02-20,2024-02-21,2024-02-22,3,9,Yes,2,0.3333333333333333,Employee_68,F,45,Finance,Executive,13,,Remote,Delhi,M210,Low,Full-time,0.7415952380952382
T99,E190,P17,Meeting,High,Completed,2024-01-18,2024-01-20,2024-01-20,3,9,No,2,0.3333333333333333,Employee_90,M,36,Finance,Executive,6,,Remote,Bangalore,M202,Low,Full-time,0.7282619047619047
T100,E102,P2,Analysis,Medium,Completed,2024-01-06,2024-01-07,2024-01-07,8,9,No,1,0.8888888888888888,Employee_2,F,23,Finance,Executive,15,,Hybrid,Mumbai,M204,High,Full-time,0.70559126984127
T101,E173,P1,Analysis,High,Completed,2024-01-29,2024-02-02,2024-02-02,2,8,No,4,0.25,Employee_73,M,45,Sales,Executive,2,,Hybrid,Delhi,M201,Low,Full-time,0.7672698412698413
T102,E111,P12,Meeting,High,Completed,2024-02-27,2024-02-29,2024-02-29,3,5,No,2,0.6,Employee_11,M,34,Finance,Engineer,5,,Onsite,Bangalore,M205,High,Full-time,0.7758666666666667
T103,E142,P10,Meeting,Low,Completed,2024-01-13,2024-01-17,2024-01-18,2,9,Yes,5,0.2222222222222222,Employee_42,M,26,Sales,Manager,6,,Hybrid,Pune,M209,Mid,Full-time,0.7699938271604938
T104,E121,P13,Testing,High,Completed,2024-02-25,2024-02-26,2024-02-26,6,3,No,1,2.0,Employee_21,M,32,IT,Executive,3,,Remote,Mumbai,M209,High,Full-time,0.7518650793650794
T105,E120,P12,Meeting,Medium,Completed,2024-01-10,2024-01-11,2024-01-11,2,3,No,1,0.6666666666666666,Employee_20,F,43,HR,Analyst,3,,Hybrid,Mumbai,M203,Mid,Full-time,0.7044583333333333
T106,E183,P14,Testing,Low,Completed,2024-01-31,2024-02-01,2024-02-01,2,5,No,1,0.4,Employee_83,M,29,Sales,Analyst,8,,Hybrid,Mumbai,M202,Mid,Full-time,0.7279166666666667
T107,E141,P7,Development,Low,Completed,2024-01-01,2024-01-05,2024-01-06,5,9,Yes,5,0.5555555555555556,Employee_41,F,48,Sales,Analyst,13,,Hybrid,Bangalore,M210,High,Full-time,0.799936507936508
T108,E170,P10,Analysis,High,Completed,2024-02-15,2024-02-19,2024-02-19,6,7,No,4,0.8571428571428571,Employee_70,M,42,HR,Analyst,10,,Remote,Mumbai,M207,High,Full-time,0.8141865079365079
T109,E143,P3,Development,High,Completed,2024-01-16,2024-01-20,2024-01-21,5,7,Yes,5,0.7142857142857143,Employee_43,F,36,Sales,Engineer,1,,Onsite,Pune,M206,Low,Full-time,0.6661428571428571
T110,E198,P10,Meeting,High,Completed,2024-02-23,2024-02-24,2024-02-25,5,7,Yes,2,0.7142857142857143,Employee_98,F,24,Finance,Engineer,7,,Hybrid,Bangalore,M210,Mid,Full-time,0.7043095238095238
T111,E132,P7,Testing,High,Completed,2024-01-01,2024-01-04,2024-01-04,8,4,No,3,2.0,Employee_32,M,30,IT,Manager,13,,Hybrid,Bangalore,M205,High,Full-time,0.7539365079365079
T112,E158,P13,Meeting,Low,Completed,2024-02-26,2024-02-29,2024-02-29,6,2,No,3,3.0,Employee_58,F,42,HR,Analyst,7,,Onsite,Pune,M202,High,Full-time,0.7749751984126985
T113,E155,P9,Analysis,Low,Completed,2024-01-10,2024-01-12,2024-01-13,6,5,Yes,3,1.2,Employee_55,M,33,Finance,Executive,10,,Remote,Bangalore,M210,High,Full-time,0.7941666666666667
T114,E110,P10,Testing,Low,Completed,2024-01-31,2024-02-01,2024-02-01,5,10,No,1,0.5,Employee_10,F,32,IT,Engineer,6,,Onsite,Mumbai,M209,Mid,Full-time,0.7745694444444444
T115,E109,P6,Testing,High,Completed,2024-01-20,2024-01-23,2024-01-23,3,7,No,3,0.42857142857142855,Employee_9,M,37,Finance,Analyst,7,,Hybrid,Bangalore,M202,Mid,Full-time,0.77335
T116,E151,P6,Analysis,Medium,Completed,2024-01-09,2024-01-11,2024-01-11,8,6,No,2,1.3333333333333333,Employee_51,M,33,IT,Analyst,4,,Onsite,Delhi,M204,Mid,Full-time,0.7705799319727892
T117,E125,P2,Analysis,Medium,Completed,2024-01-04,2024-01-06,2024-01-06,8,9,No,2,0.8888888888888888,Employee_25,M,44,Finance,Manager,8,,Remote,Bangalore,M209,Low,Full-time,0.7844189342403628
T118,E146,P16,Development,Medium,Completed,2024-02-03,2024-02-06,2024-02-06,3,4,No,3,0.75,Employee_46,M,50,Sales,Executive,10,,Onsite,Bangalore,M204,Mid,Full-time,0.7841833333333333
T119,E166,P4,Meeting,High,Completed,2024-02-11,2024-02-15,2024-02-15,2,10,No,4,0.2,Employee_66,M,43,Finance,Executive,14,,Onsite,Bangalore,M202,High,Full-time,0.7827767857142858
T120,E197,P3,Testing,Medium,Completed,2024-01-06,2024-01-10,2024-01-10,8,10,No,4,0.8,Employee_97,F,24,IT,Analyst,9,,Onsite,Mumbai,M208,High,Full-time,0.749047619047619
T121,E157,P14,Testing,Medium,Completed,2024-01-05,2024-01-06,2024-01-06,6,5,No,1,1.2,Employee_57,F,24,HR,Engineer,2,,Hybrid,Pune,M203,Low,Full-time,0.822
T122,E179,P11,Analysis,Low,Completed,2024-01-26,2024-01-28,2024-01-28,2,5,No,2,0.4,Employee_79,F,24,HR,Executive,15,,Hybrid,Bangalore,M201,Low,Full-time,0.7968518518518518
T123,E146,P17,Meeting,Low,Completed,2024-02-01,2024-02-03,2024-02-04,7,5,Yes,3,1.4,Employee_46,M,50,Sales,Executive,10,,Onsite,Bangalore,M204,Mid,Full-time,0.7841833333333333
T124,E157,P17,Testing,Low,Completed,2024-01-09,2024-01-12,2024-01-12,3,9,No,3,0.3333333333333333,Employee_57,F,24,HR,Engineer,2,,Hybrid,Pune,M203,Low,Full-time,0.822
T125,E152,P3,Analysis,Medium,Completed,2024-03-01,2024-03-03,2024-03-03,8,7,No,2,1.1428571428571428,Employee_52,F,32,Finance,Engineer,12,,Hybrid,Mumbai,M201,Low,Full-time,0.6868148148148148
T126,E136,P11,Testing,High,Completed,2024-01-11,2024-01-15,2024-01-15,2,5,No,4,0.4,Employee_36,M,43,Sales,Analyst,12,,Remote,Bangalore,M204,Low,Full-time,0.6768063492063492
T127,E127,P18,Development,Medium,Completed,2024-02-29,2024-03-03,2024-03-03,2,7,No,3,0.2857142857142857,Employee_27,F,23,Finance,Manager,15,,Onsite,Mumbai,M203,High,Full-time,0.7761285714285714
T128,E104,P7,Analysis,High,Completed,2024-02-08,2024-02-09,2024-02-09,8,6,No,1,1.3333333333333333,Employee_4,M,27,IT,Manager,15,,Remote,Delhi,M210,Low,Full-time,0.7782592592592592
T129,E173,P5,Meeting,Medium,Completed,2024-02-23,2024-02-28,2024-02-29,5,4,Yes,6,1.25,Employee_73,M,45,Sales,Executive,2,,Hybrid,Delhi,M201,Low,Full-time,0.7672698412698413
T130,E106,P9,Analysis,High,Completed,2024-02-20,2024-02-23,2024-02-23,7,6,No,3,1.1666666666666667,Employee_6,M,32,HR,Engineer,3,,Onsite,Pune,M202,Low,Full-time,0.7846402116402116
T131,E107,P4,Analysis,Low,Completed,2024-02-05,2024-02-08,2024-02-09,7,4,Yes,4,1.75,Employee_7,F,44,IT,Executive,12,,Hybrid,Delhi,M201,High,Full-time,0.7711388888888889
T132,E159,P6,Testing,Low,Completed,2024-02-25,2024-02-29,2024-02-29,8,9,No,4,0.8888888888888888,Employee_59,M,45,Finance,Manager,1,,Remote,Pune,M205,Low,Full-time,0.7160694444444444
T133,E137,P5,Analysis,High,Completed,2024-02-23,2024-02-28,2024-02-29,4,8,Yes,6,0.5,Employee_37,F,45,IT,Engineer,12,,Onsite,Mumbai,M203,High,Full-time,0.7003769841269841
T134,E156,P16,Meeting,Low,Completed,2024-02-19,2024-02-21,2024-02-21,3,4,No,2,0.75,Employee_56,F,29,IT,Engineer,11,,Remote,Bangalore,M203,High,Full-time,0.7004309523809524
T135,E122,P2,Meeting,High,Completed,2024-02-12,2024-02-13,2024-02-13,2,2,No,1,1.0,Employee_22,M,35,HR,Engineer,4,,Hybrid,Mumbai,M210,Low,Full-time,0.7723722222222221
T136,E168,P4,Analysis,Medium,Completed,2024-02-15,2024-02-18,2024-02-19,5,5,Yes,4,1.0,Employee_68,F,45,Finance,Executive,13,,Remote,Delhi,M210,Low,Full-time,0.7415952380952382
T137,E166,P7,Meeting,Medium,Completed,2024-02-07,2024-02-10,2024-02-10,7,10,No,3,0.7,Employee_66,M,43,Finance,Executive,14,,Onsite,Bangalore,M202,High,Full-time,0.7827767857142858
T138,E129,P3,Analysis,Low,Completed,2024-02-07,2024-02-12,2024-02-12,7,8,No,5,0.875,Employee_29,M,34,Sales,Engineer,13,,Onsite,Bangalore,M202,Mid,Full-time,0.6812928571428571
T139,E126,P12,Meeting,High,Completed,2024-01-19,2024-01-22,2024-01-22,5,10,No,3,0.5,Employee_26,M,40,HR,Executive,4,,Hybrid,Pune,M210,Low,Full-time,0.8008333333333333
T140,E153,P18,Development,High,Completed,2024-01-29,2024-02-02,2024-02-02,6,9,No,4,0.6666666666666666,Employee_53,F,50,HR,Manager,3,,Remote,Bangalore,M210,Low,Full-time,0.7709259259259259
T141,E110,P2,Development,Low,Completed,2024-01-14,2024-01-19,2024-01-19,7,6,No,5,1.1666666666666667,Employee_10,F,32,IT,Engineer,6,,Onsite,Mumbai,M209,Mid,Full-time,0.7745694444444444
T142,E196,P17,Meeting,Medium,Completed,2024-01-03,2024-01-08,2024-01-09,7,5,Yes,6,1.4,Employee_96,M,24,HR,Engineer,5,,Hybrid,Mumbai,M205,High,Full-time,0.7428677248677249
T143,E198,P13,Meeting,Low,Completed,2024-02-10,2024-02-12,2024-02-12,5,9,No,2,0.5555555555555556,Employee_98,F,24,Finance,Engineer,7,,Hybrid,Bangalore,M210,Mid,Full-time,0.7043095238095238
T144,E172,P8,Testing,Low,Completed,2024-02-25,2024-02-28,2024-02-28,3,5,No,3,0.6,Employee_72,M,43,Finance,Executive,9,,Hybrid,Delhi,M208,Mid,Full-time,0.7654444444444444
T145,E103,P11,Analysis,Medium,Completed,2024-01-10,2024-01-12,2024-01-12,8,5,No,2,1.6,Employee_3,M,26,HR,Engineer,1,,Hybrid,Mumbai,M207,Mid,Full-time,0.8137351190476191
T146,E142,P18,Development,Low,Completed,2024-01-06,2024-01-10,2024-01-10,6,2,No,4,3.0,Employee_42,M,26,Sales,Manager,6,,Hybrid,Pune,M209,Mid,Full-time,0.7699938271604938
T147,E177,P7,Testing,Medium,Completed,2024-02-27,2024-03-01,2024-03-01,5,5,No,3,1.0,Employee_77,M,47,IT,Manager,11,,Remote,Delhi,M204,High,Full-time,0.7324567901234569
T148,E198,P8,Testing,Low,Completed,2024-01-16,2024-01-19,2024-01-20,5,10,Yes,4,0.5,Employee_98,F,24,Finance,Engineer,7,,Hybrid,Bangalore,M210,Mid,Full-time,0.7043095238095238
T149,E163,P15,Analysis,Low,Completed,2024-02-11,2024-02-12,2024-02-12,4,9,No,1,0.4444444444444444,Employee_63,F,46,Sales,Engineer,10,,Remote,Delhi,M209,High,Full-time,0.6536309523809524
T150,E124,P17,Meeting,Medium,Completed,2024-01-26,2024-01-28,2024-01-28,7,4,No,2,1.75,Employee_24,F,28,IT,Engineer,7,,Onsite,Bangalore,M204,Low,Full-time,0.7584285714285715
T151,E136,P6,Analysis,Medium,Completed,2024-01-17,2024-01-20,2024-01-21,6,6,Yes,4,1.0,Employee_36,M,43,Sales,Analyst,12,,Remote,Bangalore,M204,Low,Full-time,0.6768063492063492
T152,E127,P3,Analysis,High,Completed,2024-01-25,2024-01-30,2024-01-30,2,2,No,5,1.0,Employee_27,F,23,Finance,Manager,15,,Onsite,Mumbai,M203,High,Full-time,0.7761285714285714
T153,E169,P2,Analysis,High,Completed,2024-01-09,2024-01-13,2024-01-13,4,5,No,4,0.8,Employee_69,F,22,Sales,Executive,7,,Hybrid,Delhi,M201,Low,Full-time,0.7823129960317461
T154,E183,P3,Meeting,Medium,Completed,2024-02-15,2024-02-18,2024-02-19,8,9,Yes,4,0.8888888888888888,Employee_83,M,29,Sales,Analyst,8,,Hybrid,Mumbai,M202,Mid,Full-time,0.7279166666666667
T155,E111,P16,Development,High,Completed,2024-02-17,2024-02-18,2024-02-18,2,10,No,1,0.2,Employee_11,M,34,Finance,Engineer,5,,Onsite,Bangalore,M205,High,Full-time,0.7758666666666667
T156,E103,P3,Development,Low,Completed,2024-01-05,2024-01-07,2024-01-07,4,7,No,2,0.5714285714285714,Employee_3,M,26,HR,Engineer,1,,Hybrid,Mumbai,M207,Mid,Full-time,0.8137351190476191
T157,E129,P3,Analysis,Medium,Completed,2024-02-18,2024-02-22,2024-02-23,7,7,Yes,5,1.0,Employee_29,M,34,Sales,Engineer,13,,Onsite,Bangalore,M202,Mid,Full-time,0.6812928571428571
T158,E140,P12,Meeting,Low,Completed,2024-02-08,2024-02-11,2024-02-12,6,10,Yes,4,0.6,Employee_40,F,31,HR,Engineer,10,,Remote,Mumbai,M210,Mid,Full-time,0.7811517857142858
T159,E136,P1,Analysis,High,Completed,2024-02-12,2024-02-17,2024-02-17,6,4,No,5,1.5,Employee_36,M,43,Sales,Analyst,12,,Remote,Bangalore,M204,Low,Full-time,0.6768063492063492
T160,E110,P9,Testing,Medium,Completed,2024-02-14,2024-02-18,2024-02-18,6,7,No,4,0.8571428571428571,Employee_10,F,32,IT,Engineer,6,,Onsite,Mumbai,M209,Mid,Full-time,0.7745694444444444
T161,E107,P1,Testing,Low,Completed,2024-01-13,2024-01-17,2024-01-18,5,2,Yes,5,2.5,Employee_7,F,44,IT,Executive,12,,Hybrid,Delhi,M201,High,Full-time,0.7711388888888889
T162,E173,P15,Development,Medium,Completed,2024-02-06,2024-02-08,2024-02-08,5,10,No,2,0.5,Employee_73,M,45,Sales,Executive,2,,Hybrid,Delhi,M201,Low,Full-time,0.7672698412698413
T163,E177,P5,Development,High,Completed,2024-01-04,2024-01-09,2024-01-09,3,2,No,5,1.5,Employee_77,M,47,IT,Manager,11,,Remote,Delhi,M204,High,Full-time,0.7324567901234569
T164,E182,P15,Meeting,High,Completed,2024-02-21,2024-02-22,2024-02-22,4,7,No,1,0.5714285714285714,Employee_82,F,43,Finance,Manager,4,,Hybrid,Bangalore,M201,High,Full-time,0.7195088183421517
T165,E147,P14,Meeting,High,Completed,2024-02-06,2024-02-09,2024-02-10,5,2,Yes,4,2.5,Employee_47,F,44,HR,Manager,6,,Onsite,Delhi,M210,Mid,Full-time,0.7898571428571428
T166,E122,P18,Analysis,Low,Completed,2024-02-21,2024-02-26,2024-02-26,8,7,No,5,1.1428571428571428,Employee_22,M,35,HR,Engineer,4,,Hybrid,Mumbai,M210,Low,Full-time,0.7723722222222221
T167,E106,P11,Meeting,High,Completed,2024-01-26,2024-01-27,2024-01-27,8,2,No,1,4.0,Employee_6,M,32,HR,Engineer,3,,Onsite,Pune,M202,Low,Full-time,0.7846402116402116
T168,E140,P15,Meeting,High,Completed,2024-02-04,2024-02-09,2024-02-09,3,6,No,5,0.5,Employee_40,F,31,HR,Engineer,10,,Remote,Mumbai,M210,Mid,Full-time,0.7811517857142858
T169,E118,P18,Analysis,Low,Completed,2024-02-28,2024-03-03,2024-03-03,4,3,No,4,1.3333333333333333,Employee_18,M,38,Finance,Engineer,5,,Remote,Delhi,M210,High,Full-time,0.71875
T170,E172,P10,Analysis,Low,Completed,2024-02-29,2024-03-05,2024-03-06,5,10,Yes,6,0.5,Employee_72,M,43,Finance,Executive,9,,Hybrid,Delhi,M208,Mid,Full-time,0.7654444444444444
T171,E159,P19,Development,High,Completed,2024-01-28,2024-02-02,2024-02-03,3,6,Yes,6,0.5,Employee_59,M,45,Finance,Manager,1,,Remote,Pune,M205,Low,Full-time,0.7160694444444444
T172,E163,P11,Analysis,High,Completed,2024-02-06,2024-02-10,2024-02-10,2,5,No,4,0.4,Employee_63,F,46,Sales,Engineer,10,,Remote,Delhi,M209,High,Full-time,0.6536309523809524
T173,E180,P19,Meeting,Low,Completed,2024-02-23,2024-02-27,2024-02-27,5,5,No,4,1.0,Employee_80,F,29,HR,Manager,11,,Hybrid,Bangalore,M201,High,Full-time,0.7824
T174,E103,P16,Analysis,Low,Completed,2024-02-23,2024-02-27,2024-02-28,3,10,Yes,5,0.3,Employee_3,M,26,HR,Engineer,1,,Hybrid,Mumbai,M207,Mid,Full-time,0.8137351190476191
T175,E160,P11,Testing,Low,Completed,2024-01-21,2024-01-26,2024-01-26,6,8,No,5,0.75,Employee_60,F,44,Finance,Analyst,2,,Remote,Mumbai,M205,High,Full-time,0.7886293650793651
T176,E122,P20,Development,Medium,Completed,2024-01-27,2024-01-30,2024-01-30,4,9,No,3,0.4444444444444444,Employee_22,M,35,HR,Engineer,4,,Hybrid,Mumbai,M210,Low,Full-time,0.7723722222222221
T177,E197,P6,Testing,Medium,Completed,2024-01-11,2024-01-14,2024-01-14,8,10,No,3,0.8,Employee_97,F,24,IT,Analyst,9,,Onsite,Mumbai,M208,High,Full-time,0.749047619047619
T178,E146,P9,Meeting,Low,Completed,2024-01-02,2024-01-04,2024-01-04,8,2,No,2,4.0,Employee_46,M,50,Sales,Executive,10,,Onsite,Bangalore,M204,Mid,Full-time,0.7841833333333333
T179,E139,P14,Development,High,Completed,2024-02-26,2024-02-27,2024-02-27,4,7,No,1,0.5714285714285714,Employee_39,F,32,Finance,Analyst,2,,Onsite,Delhi,M209,Mid,Full-time,0.7454285714285714
T180,E162,P17,Development,Low,Completed,2024-02-29,2024-03-01,2024-03-01,3,8,No,1,0.375,Employee_62,F,34,Finance,Executive,14,,Remote,Delhi,M203,High,Full-time,0.6888333333333333
T181,E175,P9,Development,High,Completed,2024-01-21,2024-01-24,2024-01-24,4,4,No,3,1.0,Employee_75,M,44,IT,Engineer,11,,Onsite,Delhi,M202,High,Full-time,0.6822440476190477
T182,E106,P5,Development,High,Completed,2024-02-16,2024-02-17,2024-02-17,5,2,No,1,2.5,Employee_6,M,32,HR,Engineer,3,,Onsite,Pune,M202,Low,Full-time,0.7846402116402116
T183,E112,P16,Testing,Low,Completed,2024-02-09,2024-02-12,2024-02-13,3,9,Yes,4,0.3333333333333333,Employee_12,F,25,Sales,Manager,9,,Remote,Mumbai,M206,Low,Full-time,0.7671728395061729
T184,E177,P4,Meeting,Low,Completed,2024-02-24,2024-02-27,2024-02-27,4,3,No,3,1.3333333333333333,Employee_77,M,47,IT,Manager,11,,Remote,Delhi,M204,High,Full-time,0.7324567901234569
T185,E123,P13,Development,High,Completed,2024-02-03,2024-02-06,2024-02-06,8,6,No,3,1.3333333333333333,Employee_23,M,47,IT,Engineer,5,,Remote,Pune,M206,Low,Full-time,0.8247619047619048
T186,E130,P5,Meeting,Medium,Completed,2024-01-08,2024-01-10,2024-01-10,4,7,No,2,0.5714285714285714,Employee_30,F,44,IT,Executive,8,,Hybrid,Pune,M207,Low,Full-time,0.7193650793650793
T187,E138,P17,Analysis,Medium,Completed,2024-01-14,2024-01-16,2024-01-16,7,8,No,2,0.875,Employee_38,M,43,Sales,Executive,10,,Hybrid,Delhi,M201,High,Full-time,0.748
T188,E142,P17,Meeting,Low,Completed,2024-02-15,2024-02-16,2024-02-16,4,6,No,1,0.6666666666666666,Employee_42,M,26,Sales,Manager,6,,Hybrid,Pune,M209,Mid,Full-time,0.7699938271604938
T189,E127,P17,Testing,High,Completed,2024-01-26,2024-01-30,2024-01-30,7,2,No,4,3.5,Employee_27,F,23,Finance,Manager,15,,Onsite,Mumbai,M203,High,Full-time,0.7761285714285714
T190,E104,P9,Analysis,High,Completed,2024-02-25,2024-02-28,2024-02-28,8,10,No,3,0.8,Employee_4,M,27,IT,Manager,15,,Remote,Delhi,M210,Low,Full-time,0.7782592592592592
T191,E177,P7,Meeting,Medium,Completed,2024-02-18,2024-02-20,2024-02-21,8,6,Yes,3,1.3333333333333333,Employee_77,M,47,IT,Manager,11,,Remote,Delhi,M204,High,Full-time,0.7324567901234569
T192,E188,P9,Meeting,Medium,Completed,2024-02-25,2024-02-28,2024-02-28,8,8,No,3,1.0,Employee_88,M,32,IT,Analyst,12,,Remote,Bangalore,M203,Low,Full-time,0.6921111111111111
T193,E128,P3,Meeting,High,Completed,2024-01-08,2024-01-12,2024-01-12,7,7,No,4,1.0,Employee_28,F,38,Finance,Executive,3,,Remote,Bangalore,M206,Low,Full-time,0.73
T194,E197,P2,Meeting,High,Completed,2024-02-06,2024-02-08,2024-02-08,2,10,No,2,0.2,Employee_97,F,24,IT,Analyst,9,,Onsite,Mumbai,M208,High,Full-time,0.749047619047619
T195,E155,P5,Analysis,High,Completed,2024-02-09,2024-02-13,2024-02-13,5,3,No,4,1.6666666666666667,Employee_55,M,33,Finance,Executive,10,,Remote,Bangalore,M210,High,Full-time,0.7941666666666667
T196,E187,P2,Analysis,Low,Completed,2024-01-27,2024-01-31,2024-02-01,3,4,Yes,5,0.75,Employee_87,M,41,Finance,Manager,6,,Hybrid,Delhi,M210,Low,Full-time,0.7224355158730159
T197,E130,P3,Development,Low,Completed,2024-01-23,2024-01-24,2024-01-24,8,2,No,1,4.0,Employee_30,F,44,IT,Executive,8,,Hybrid,Pune,M207,Low,Full-time,0.7193650793650793
T198,E104,P5,Analysis,High,Completed,2024-01-01,2024-01-03,2024-01-03,3,4,No,2,0.75,Employee_4,M,27,IT,Manager,15,,Remote,Delhi,M210,Low,Full-time,0.7782592592592592
T199,E170,P15,Meeting,Medium,Completed,2024-03-01,2024-03-05,2024-03-05,7,4,No,4,1.75,Employee_70,M,42,HR,Analyst,10,,Remote,Mumbai,M207,High,Full-time,0.8141865079365079
T200,E118,P7,Meeting,Medium,Completed,2024-01-09,2024-01-14,2024-01-15,8,6,Yes,6,1.3333333333333333,Employee_18,M,38,Finance,Engineer,5,,Remote,Delhi,M210,High,Full-time,0.71875
T201,E182,P9,Analysis,Low,Completed,2024-01-14,2024-01-18,2024-01-18,8,6,No,4,1.3333333333333333,Employee_82,F,43,Finance,Manager,4,,Hybrid,Bangalore,M201,High,Full-time,0.7195088183421517
T202,E169,P14,Testing,Medium,Completed,2024-01-31,2024-02-04,2024-02-04,7,7,No,4,1.0,Employee_69,F,22,Sales,Executive,7,,Hybrid,Delhi,M201,Low,Full-time,0.7823129960317461
T203,E163,P17,Testing,Low,Completed,2024-02-07,2024-02-10,2024-02-10,3,10,No,3,0.3,Employee_63,F,46,Sales,Engineer,10,,Remote,Delhi,M209,High,Full-time,0.6536309523809524
T204,E117,P16,Analysis,High,Completed,2024-01-08,2024-01-10,2024-01-10,4,4,No,2,1.0,Employee_17,M,31,Finance,Executive,5,,Remote,Mumbai,M210,Mid,Full-time,0.7257936507936509
T205,E161,P1,Analysis,Medium,Completed,2024-02-01,2024-02-05,2024-02-05,8,3,No,4,2.6666666666666665,Employee_61,M,39,IT,Analyst,7,,Onsite,Pune,M204,High,Full-time,0.7738888888888888
T206,E120,P14,Development,Medium,Completed,2024-02-09,2024-02-14,2024-02-14,2,8,No,5,0.25,Employee_20,F,43,HR,Analyst,3,,Hybrid,Mumbai,M203,Mid,Full-time,0.7044583333333333
T207,E177,P4,Development,Low,Completed,2024-02-18,2024-02-21,2024-02-21,8,4,No,3,2.0,Employee_77,M,47,IT,Manager,11,,Remote,Delhi,M204,High,Full-time,0.7324567901234569
T208,E130,P9,Meeting,Low,Completed,2024-01-28,2024-01-30,2024-01-30,2,4,No,2,0.5,Employee_30,F,44,IT,Executive,8,,Hybrid,Pune,M207,Low,Full-time,0.7193650793650793
T209,E183,P6,Development,Low,Completed,2024-02-13,2024-02-16,2024-02-16,5,2,No,3,2.5,Employee_83,M,29,Sales,Analyst,8,,Hybrid,Mumbai,M202,Mid,Full-time,0.7279166666666667
T210,E149,P19,Meeting,Low,Completed,2024-02-19,2024-02-22,2024-02-22,5,3,No,3,1.6666666666666667,Employee_49,F,41,Finance,Engineer,11,,Onsite,Delhi,M207,High,Full-time,0.7679219576719576
T211,E133,P7,Testing,Low,Completed,2024-01-13,2024-01-18,2024-01-18,7,9,No,5,0.7777777777777778,Employee_33,M,33,Finance,Analyst,13,,Onsite,Pune,M202,Mid,Full-time,0.7180555555555556
T212,E121,P13,Meeting,Low,Completed,2024-01-23,2024-01-28,2024-01-28,3,10,No,5,0.3,Employee_21,M,32,IT,Executive,3,,Remote,Mumbai,M209,High,Full-time,0.7518650793650794
T213,E185,P8,Meeting,Medium,Completed,2024-02-20,2024-02-22,2024-02-22,8,2,No,2,4.0,Employee_85,M,22,IT,Engineer,4,,Hybrid,Delhi,M203,Low,Full-time,0.690952380952381
T214,E106,P12,Analysis,High,Completed,2024-01-18,2024-01-21,2024-01-21,5,3,No,3,1.6666666666666667,Employee_6,M,32,HR,Engineer,3,,Onsite,Pune,M202,Low,Full-time,0.7846402116402116
T215,E105,P1,Analysis,High,Completed,2024-01-24,2024-01-27,2024-01-27,4,3,No,3,1.3333333333333333,Employee_5,F,39,HR,Engineer,10,,Hybrid,Mumbai,M201,High,Full-time,0.7870190476190476
T216,E129,P17,Meeting,Medium,Completed,2024-02-22,2024-02-24,2024-02-24,6,2,No,2,3.0,Employee_29,M,34,Sales,Engineer,13,,Onsite,Bangalore,M202,Mid,Full-time,0.6812928571428571
T217,E151,P12,Development,Low,Completed,2024-01-17,2024-01-22,2024-01-22,3,8,No,5,0.375,Employee_51,M,33,IT,Analyst,4,,Onsite,Delhi,M204,Mid,Full-time,0.7705799319727892
T218,E109,P10,Testing,Low,Completed,2024-03-01,2024-03-05,2024-03-06,8,7,Yes,5,1.1428571428571428,Employee_9,M,37,Finance,Analyst,7,,Hybrid,Bangalore,M202,Mid,Full-time,0.77335
T219,E150,P4,Development,Low,Completed,2024-01-22,2024-01-26,2024-01-26,7,6,No,4,1.1666666666666667,Employee_50,F,30,Sales,Engineer,11,,Remote,Mumbai,M204,Low,Full-time,0.756375
T220,E136,P20,Meeting,High,Completed,2024-01-12,2024-01-17,2024-01-17,3,4,No,5,0.75,Employee_36,M,43,Sales,Analyst,12,,Remote,Bangalore,M204,Low,Full-time,0.6768063492063492
T221,E116,P1,Testing,Medium,Completed,2024-02-21,2024-02-23,2024-02-23,7,8,No,2,0.875,Employee_16,M,24,HR,Manager,14,,Onsite,Mumbai,M204,Low,Full-time,0.7408333333333333
T222,E191,P12,Development,Medium,Completed,2024-02-07,2024-02-12,2024-02-13,2,9,Yes,6,0.2222222222222222,Employee_91,F,40,HR,Engineer,1,,Remote,Pune,M208,Mid,Full-time,0.7453831569664904
T223,E178,P3,Development,High,Completed,2024-02-03,2024-02-05,2024-02-05,2,8,No,2,0.25,Employee_78,F,29,HR,Executive,7,,Remote,Bangalore,M205,Low,Full-time,0.7467162698412699
T224,E200,P1,Development,Low,Completed,2024-03-01,2024-03-03,2024-03-03,3,10,No,2,0.3,Employee_100,M,26,Sales,Manager,9,,Remote,Mumbai,M206,High,Full-time,0.7866269841269842
T225,E120,P8,Testing,High,Completed,2024-02-20,2024-02-23,2024-02-23,6,2,No,3,3.0,Employee_20,F,43,HR,Analyst,3,,Hybrid,Mumbai,M203,Mid,Full-time,0.7044583333333333
T226,E119,P12,Analysis,High,Completed,2024-02-07,2024-02-09,2024-02-09,6,9,No,2,0.6666666666666666,Employee_19,M,25,Sales,Engineer,10,,Onsite,Delhi,M209,Mid,Full-time,0.7480000000000001
T227,E180,P16,Development,High,Completed,2024-02-22,2024-02-26,2024-02-26,6,9,No,4,0.6666666666666666,Employee_80,F,29,HR,Manager,11,,Hybrid,Bangalore,M201,High,Full-time,0.7824
T228,E153,P5,Analysis,Low,Completed,2024-02-16,2024-02-17,2024-02-17,7,9,No,1,0.7777777777777778,Employee_53,F,50,HR,Manager,3,,Remote,Bangalore,M210,Low,Full-time,0.7709259259259259
T229,E176,P5,Analysis,High,Completed,2024-02-18,2024-02-22,2024-02-22,5,8,No,4,0.625,Employee_76,M,43,Finance,Executive,12,,Hybrid,Bangalore,M208,Mid,Full-time,0.7354563492063493
T230,E193,P7,Development,Medium,Completed,2024-01-21,2024-01-23,2024-01-23,5,9,No,2,0.5555555555555556,Employee_93,M,32,HR,Engineer,14,,Onsite,Delhi,M208,High,Full-time,0.7477777777777779
T231,E119,P5,Analysis,Medium,Completed,2024-01-15,2024-01-20,2024-01-20,4,6,No,5,0.6666666666666666,Employee_19,M,25,Sales,Engineer,10,,Onsite,Delhi,M209,Mid,Full-time,0.7480000000000001
T232,E126,P3,Meeting,Low,Completed,2024-02-19,2024-02-23,2024-02-23,8,4,No,4,2.0,Employee_26,M,40,HR,Executive,4,,Hybrid,Pune,M210,Low,Full-time,0.8008333333333333
T233,E187,P13,Testing,Low,Completed,2024-02-25,2024-02-28,2024-02-28,7,9,No,3,0.7777777777777778,Employee_87,M,41,Finance,Manager,6,,Hybrid,Delhi,M210,Low,Full-time,0.7224355158730159
T234,E102,P16,Meeting,High,Completed,2024-03-01,2024-03-06,2024-03-06,6,9,No,5,0.6666666666666666,Employee_2,F,23,Finance,Executive,15,,Hybrid,Mumbai,M204,High,Full-time,0.70559126984127
T235,E105,P12,Meeting,Medium,Completed,2024-01-15,2024-01-18,2024-01-19,7,7,Yes,4,1.0,Employee_5,F,39,HR,Engineer,10,,Hybrid,Mumbai,M201,High,Full-time,0.7870190476190476
T236,E197,P12,Development,Low,Completed,2024-01-26,2024-01-30,2024-01-30,7,7,No,4,1.0,Employee_97,F,24,IT,Analyst,9,,Onsite,Mumbai,M208,High,Full-time,0.749047619047619
T237,E101,P18,Development,High,Completed,2024-02-17,2024-02-19,2024-02-19,7,7,No,2,1.0,Employee_1,F,27,Sales,Manager,8,,Remote,Delhi,M201,Mid,Full-time,0.7621825396825397
T238,E119,P16,Testing,Low,Completed,2024-01-14,2024-01-19,2024-01-19,5,8,No,5,0.625,Employee_19,M,25,Sales,Engineer,10,,Onsite,Delhi,M209,Mid,Full-time,0.7480000000000001
T239,E104,P7,Development,High,Completed,2024-02-04,2024-02-06,2024-02-07,7,5,Yes,3,1.4,Employee_4,M,27,IT,Manager,15,,Remote,Delhi,M210,Low,Full-time,0.7782592592592592
T240,E115,P10,Development,High,Completed,2024-01-25,2024-01-28,2024-01-28,2,10,No,3,0.2,Employee_15,M,32,IT,Engineer,2,,Remote,Mumbai,M210,Low,Full-time,0.8273928571428572
T241,E163,P4,Testing,Low,Completed,2024-01-26,2024-01-27,2024-01-27,8,3,No,1,2.6666666666666665,Employee_63,F,46,Sales,Engineer,10,,Remote,Delhi,M209,High,Full-time,0.6536309523809524
T242,E153,P4,Meeting,High,Completed,2024-01-26,2024-01-29,2024-01-29,8,4,No,3,2.0,Employee_53,F,50,HR,Manager,3,,Remote,Bangalore,M210,Low,Full-time,0.7709259259259259
T243,E167,P1,Development,Low,Completed,2024-02-01,2024-02-04,2024-02-04,6,6,No,3,1.0,Employee_67,F,35,Sales,Engineer,7,,Hybrid,Mumbai,M201,Low,Full-time,0.8327592592592593
T244,E116,P2,Analysis,Medium,Completed,2024-02-21,2024-02-25,2024-02-26,6,6,Yes,5,1.0,Employee_16,M,24,HR,Manager,14,,Onsite,Mumbai,M204,Low,Full-time,0.7408333333333333
T245,E184,P7,Testing,Medium,Completed,2024-01-30,2024-02-04,2024-02-04,2,9,No,5,0.2222222222222222,Employee_84,F,29,Finance,Manager,3,,Hybrid,Delhi,M206,High,Full-time,0.6777777777777777
T246,E104,P20,Analysis,Low,Completed,2024-01-12,2024-01-13,2024-01-13,5,10,No,1,0.5,Employee_4,M,27,IT,Manager,15,,Remote,Delhi,M210,Low,Full-time,0.7782592592592592
T247,E178,P13,Testing,Medium,Completed,2024-01-30,2024-02-03,2024-02-03,8,6,No,4,1.3333333333333333,Employee_78,F,29,HR,Executive,7,,Remote,Bangalore,M205,Low,Full-time,0.7467162698412699
T248,E124,P16,Analysis,Low,Completed,2024-02-17,2024-02-20,2024-02-20,8,3,No,3,2.6666666666666665,Employee_24,F,28,IT,Engineer,7,,Onsite,Bangalore,M204,Low,Full-time,0.7584285714285715
T249,E198,P20,Testing,High,Completed,2024-03-01,2024-03-03,2024-03-03,2,2,No,2,1.0,Employee_98,F,24,Finance,Engineer,7,,Hybrid,Bangalore,M210,Mid,Full-time,0.7043095238095238
T250,E129,P10,Meeting,Medium,Completed,2024-01-15,2024-01-18,2024-01-18,4,3,No,3,1.3333333333333333,Employee_29,M,34,Sales,Engineer,13,,Onsite,Bangalore,M202,Mid,Full-time,0.6812928571428571
T251,E134,P6,Testing,Low,Completed,2024-01-16,2024-01-21,2024-01-22,4,10,Yes,6,0.4,Employee_34,F,38,Finance,Engineer,2,,Onsite,Bangalore,M201,Mid,Full-time,0.7932837301587301
T252,E133,P6,Testing,High,Completed,2024-02-16,2024-02-18,2024-02-18,2,7,No,2,0.2857142857142857,Employee_33,M,33,Finance,Analyst,13,,Onsite,Pune,M202,Mid,Full-time,0.7180555555555556
T253,E152,P17,Meeting,High,Completed,2024-02-27,2024-03-01,2024-03-02,7,9,Yes,4,0.7777777777777778,Employee_52,F,32,Finance,Engineer,12,,Hybrid,Mumbai,M201,Low,Full-time,0.6868148148148148
T254,E189,P6,Testing,Low,Completed,2024-01-18,2024-01-19,2024-01-19,7,9,No,1,0.7777777777777778,Employee_89,F,47,Sales,Analyst,7,,Hybrid,Bangalore,M208,Low,Full-time,0.7708
T255,E132,P20,Analysis,Medium,Completed,2024-02-14,2024-02-18,2024-02-18,3,9,No,4,0.3333333333333333,Employee_32,M,30,IT,Manager,13,,Hybrid,Bangalore,M205,High,Full-time,0.7539365079365079
T256,E110,P16,Meeting,Low,Completed,2024-01-26,2024-01-31,2024-01-31,2,8,No,5,0.25,Employee_10,F,32,IT,Engineer,6,,Onsite,Mumbai,M209,Mid,Full-time,0.7745694444444444
T257,E149,P2,Analysis,Low,Completed,2024-01-11,2024-01-13,2024-01-13,3,3,No,2,1.0,Employee_49,F,41,Finance,Engineer,11,,Onsite,Delhi,M207,High,Full-time,0.7679219576719576
T258,E130,P15,Testing,High,Completed,2024-01-28,2024-02-01,2024-02-01,8,7,No,4,1.1428571428571428,Employee_30,F,44,IT,Executive,8,,Hybrid,Pune,M207,Low,Full-time,0.7193650793650793
T259,E114,P5,Meeting,Medium,Completed,2024-01-14,2024-01-18,2024-01-18,3,5,No,4,0.6,Employee_14,F,31,Finance,Manager,6,,Hybrid,Bangalore,M206,Mid,Full-time,0.8085185185185185
T260,E186,P5,Testing,Medium,Completed,2024-02-17,2024-02-18,2024-02-18,7,5,No,1,1.4,Employee_86,F,35,HR,Analyst,13,,Onsite,Mumbai,M203,High,Full-time,0.7495502645502645
T261,E156,P1,Testing,High,Completed,2024-02-29,2024-03-04,2024-03-05,3,7,Yes,5,0.42857142857142855,Employee_56,F,29,IT,Engineer,11,,Remote,Bangalore,M203,High,Full-time,0.7004309523809524
T262,E103,P13,Development,Low,Completed,2024-02-08,2024-02-13,2024-02-14,7,10,Yes,6,0.7,Employee_3,M,26,HR,Engineer,1,,Hybrid,Mumbai,M207,Mid,Full-time,0.8137351190476191
T263,E102,P3,Meeting,High,Completed,2024-01-30,2024-01-31,2024-01-31,2,5,No,1,0.4,Employee_2,F,23,Finance,Executive,15,,Hybrid,Mumbai,M204,High,Full-time,0.70559126984127
T264,E138,P20,Testing,High,Completed,2024-01-26,2024-01-28,2024-01-28,6,3,No,2,2.0,Employee_38,M,43,Sales,Executive,10,,Hybrid,Delhi,M201,High,Full-time,0.748
T265,E137,P19,Meeting,High,Completed,2024-02-17,2024-02-21,2024-02-22,8,8,Yes,5,1.0,Employee_37,F,45,IT,Engineer,12,,Onsite,Mumbai,M203,High,Full-time,0.7003769841269841
T266,E154,P4,Meeting,Low,Completed,2024-02-15,2024-02-20,2024-02-20,3,4,No,5,0.75,Employee_54,M,46,Finance,Executive,9,,Remote,Pune,M205,Mid,Full-time,0.765
T267,E180,P6,Development,Low,Completed,2024-02-05,2024-02-07,2024-02-07,7,9,No,2,0.7777777777777778,Employee_80,F,29,HR,Manager,11,,Hybrid,Bangalore,M201,High,Full-time,0.7824
T268,E142,P11,Analysis,High,Completed,2024-01-14,2024-01-16,2024-01-16,5,5,No,2,1.0,Employee_42,M,26,Sales,Manager,6,,Hybrid,Pune,M209,Mid,Full-time,0.7699938271604938
T269,E192,P7,Meeting,Low,Completed,2024-01-22,2024-01-26,2024-01-26,5,9,No,4,0.5555555555555556,Employee_92,F,42,Finance,Executive,14,,Onsite,Bangalore,M205,Low,Full-time,0.7756481481481482
T270,E190,P16,Analysis,Medium,Completed,2024-01-25,2024-01-28,2024-01-28,3,10,No,3,0.3,Employee_90,M,36,Finance,Executive,6,,Remote,Bangalore,M202,Low,Full-time,0.7282619047619047
T271,E177,P10,Analysis,Medium,Completed,2024-02-02,2024-02-04,2024-02-04,4,7,No,2,0.5714285714285714,Employee_77,M,47,IT,Manager,11,,Remote,Delhi,M204,High,Full-time,0.7324567901234569
T272,E166,P12,Meeting,Medium,Completed,2024-02-25,2024-03-01,2024-03-02,5,9,Yes,6,0.5555555555555556,Employee_66,M,43,Finance,Executive,14,,Onsite,Bangalore,M202,High,Full-time,0.7827767857142858
T273,E126,P10,Meeting,Low,Completed,2024-01-30,2024-01-31,2024-01-31,7,7,No,1,1.0,Employee_26,M,40,HR,Executive,4,,Hybrid,Pune,M210,Low,Full-time,0.8008333333333333
T274,E123,P5,Meeting,Low,Completed,2024-01-22,2024-01-24,2024-01-24,8,6,No,2,1.3333333333333333,Employee_23,M,47,IT,Engineer,5,,Remote,Pune,M206,Low,Full-time,0.8247619047619048
T275,E198,P14,Development,Medium,Completed,2024-01-09,2024-01-11,2024-01-12,6,9,Yes,3,0.6666666666666666,Employee_98,F,24,Finance,Engineer,7,,Hybrid,Bangalore,M210,Mid,Full-time,0.7043095238095238
T276,E110,P4,Testing,Low,Completed,2024-01-23,2024-01-25,2024-01-25,3,6,No,2,0.5,Employee_10,F,32,IT,Engineer,6,,Onsite,Mumbai,M209,Mid,Full-time,0.7745694444444444
T277,E112,P17,Meeting,Low,Completed,2024-02-06,2024-02-10,2024-02-10,7,6,No,4,1.1666666666666667,Employee_12,F,25,Sales,Manager,9,,Remote,Mumbai,M206,Low,Full-time,0.7671728395061729
T278,E154,P2,Testing,High,Completed,2024-02-09,2024-02-14,2024-02-14,8,3,No,5,2.6666666666666665,Employee_54,M,46,Finance,Executive,9,,Remote,Pune,M205,Mid,Full-time,0.765
T279,E105,P2,Development,High,Completed,2024-02-04,2024-02-09,2024-02-10,3,8,Yes,6,0.375,Employee_5,F,39,HR,Engineer,10,,Hybrid,Mumbai,M201,High,Full-time,0.7870190476190476
T280,E122,P20,Analysis,Medium,Completed,2024-01-14,2024-01-16,2024-01-16,5,9,No,2,0.5555555555555556,Employee_22,M,35,HR,Engineer,4,,Hybrid,Mumbai,M210,Low,Full-time,0.7723722222222221
T281,E150,P15,Analysis,Medium,Completed,2024-02-01,2024-02-06,2024-02-06,8,6,No,5,1.3333333333333333,Employee_50,F,30,Sales,Engineer,11,,Remote,Mumbai,M204,Low,Full-time,0.756375
T282,E164,P3,Meeting,High,Completed,2024-02-24,2024-02-29,2024-02-29,7,8,No,5,0.875,Employee_64,F,25,IT,Analyst,5,,Hybrid,Pune,M209,Low,Full-time,0.697782738095238
T283,E183,P15,Development,High,Completed,2024-01-09,2024-01-10,2024-01-10,5,7,No,1,0.7142857142857143,Employee_83,M,29,Sales,Analyst,8,,Hybrid,Mumbai,M202,Mid,Full-time,0.7279166666666667
T284,E123,P18,Testing,High,Completed,2024-02-18,2024-02-22,2024-02-22,2,3,No,4,0.6666666666666666,Employee_23,M,47,IT,Engineer,5,,Remote,Pune,M206,Low,Full-time,0.8247619047619048
T285,E154,P7,Testing,High,Completed,2024-02-25,2024-03-01,2024-03-02,2,6,Yes,6,0.3333333333333333,Employee_54,M,46,Finance,Executive,9,,Remote,Pune,M205,Mid,Full-time,0.765
T286,E180,P14,Testing,Low,Completed,2024-01-21,2024-01-26,2024-01-26,2,2,No,5,1.0,Employee_80,F,29,HR,Manager,11,,Hybrid,Bangalore,M201,High,Full-time,0.7824
T287,E195,P7,Meeting,High,Completed,2024-01-20,2024-01-23,2024-01-23,8,4,No,3,2.0,Employee_95,F,47,HR,Manager,12,,Remote,Delhi,M203,Low,Full-time,0.7920340136054422
T288,E167,P3,Development,High,Completed,2024-01-09,2024-01-10,2024-01-10,3,7,No,1,0.42857142857142855,Employee_67,F,35,Sales,Engineer,7,,Hybrid,Mumbai,M201,Low,Full-time,0.8327592592592593
T289,E188,P13,Development,High,Completed,2024-01-21,2024-01-24,2024-01-25,5,3,Yes,4,1.6666666666666667,Employee_88,M,32,IT,Analyst,12,,Remote,Bangalore,M203,Low,Full-time,0.6921111111111111
T290,E128,P19,Testing,Low,Completed,2024-01-31,2024-02-01,2024-02-01,7,10,No,1,0.7,Employee_28,F,38,Finance,Executive,3,,Remote,Bangalore,M206,Low,Full-time,0.73
T291,E174,P8,Testing,High,Completed,2024-02-15,2024-02-17,2024-02-17,6,6,No,2,1.0,Employee_74,M,43,HR,Analyst,15,,Onsite,Pune,M201,Low,Full-time,0.7594952380952381
T292,E185,P19,Analysis,High,Completed,2024-02-20,2024-02-21,2024-02-21,5,8,No,1,0.625,Employee_85,M,22,IT,Engineer,4,,Hybrid,Delhi,M203,Low,Full-time,0.690952380952381
T293,E192,P19,Meeting,Medium,Completed,2024-02-23,2024-02-25,2024-02-26,5,4,Yes,3,1.25,Employee_92,F,42,Finance,Executive,14,,Onsite,Bangalore,M205,Low,Full-time,0.7756481481481482
T294,E119,P9,Testing,Low,Completed,2024-01-20,2024-01-22,2024-01-22,2,5,No,2,0.4,Employee_19,M,25,Sales,Engineer,10,,Onsite,Delhi,M209,Mid,Full-time,0.7480000000000001
T295,E120,P4,Meeting,Medium,Completed,2024-02-15,2024-02-18,2024-02-18,7,3,No,3,2.3333333333333335,Employee_20,F,43,HR,Analyst,3,,Hybrid,Mumbai,M203,Mid,Full-time,0.7044583333333333
T296,E156,P12,Development,Medium,Completed,2024-01-10,2024-01-12,2024-01-12,3,9,No,2,0.3333333333333333,Employee_56,F,29,IT,Engineer,11,,Remote,Bangalore,M203,High,Full-time,0.7004309523809524
T297,E125,P7,Testing,High,Completed,2024-01-22,2024-01-27,2024-01-27,6,2,No,5,3.0,Employee_25,M,44,Finance,Manager,8,,Remote,Bangalore,M209,Low,Full-time,0.7844189342403628
T298,E104,P8,Analysis,High,Completed,2024-01-16,2024-01-19,2024-01-20,7,6,Yes,4,1.1666666666666667,Employee_4,M,27,IT,Manager,15,,Remote,Delhi,M210,Low,Full-time,0.7782592592592592
T299,E190,P11,Analysis,Low,Completed,2024-01-22,2024-01-25,2024-01-25,4,3,No,3,1.3333333333333333,Employee_90,M,36,Finance,Executive,6,,Remote,Bangalore,M202,Low,Full-time,0.7282619047619047
T300,E160,P13,Meeting,High,Completed,2024-02-17,2024-02-18,2024-02-18,8,7,No,1,1.1428571428571428,Employee_60,F,44,Finance,Analyst,2,,Remote,Mumbai,M205,High,Full-time,0.7886293650793651
T301,E196,P13,Development,Low,Completed,2024-01-10,2024-01-13,2024-01-13,6,5,No,3,1.2,Employee_96,M,24,HR,Engineer,5,,Hybrid,Mumbai,M205,High,Full-time,0.7428677248677249
T302,E182,P11,Analysis,Low,Completed,2024-01-22,2024-01-23,2024-01-23,6,10,No,1,0.6,Employee_82,F,43,Finance,Manager,4,,Hybrid,Bangalore,M201,High,Full-time,0.7195088183421517
T303,E183,P18,Analysis,High,Completed,2024-01-07,2024-01-12,2024-01-12,8,8,No,5,1.0,Employee_83,M,29,Sales,Analyst,8,,Hybrid,Mumbai,M202,Mid,Full-time,0.7279166666666667
T304,E149,P9,Development,High,Completed,2024-01-03,2024-01-04,2024-01-05,2,4,Yes,2,0.5,Employee_49,F,41,Finance,Engineer,11,,Onsite,Delhi,M207,High,Full-time,0.7679219576719576
T305,E105,P19,Analysis,Low,Completed,2024-01-06,2024-01-08,2024-01-08,5,8,No,2,0.625,Employee_5,F,39,HR,Engineer,10,,Hybrid,Mumbai,M201,High,Full-time,0.7870190476190476
T306,E171,P13,Meeting,Medium,Completed,2024-01-24,2024-01-29,2024-01-29,4,7,No,5,0.5714285714285714,Employee_71,M,42,HR,Engineer,8,,Remote,Pune,M208,High,Full-time,0.7943904761904761
T307,E101,P16,Development,High,Completed,2024-02-08,2024-02-13,2024-02-13,4,8,No,5,0.5,Employee_1,F,27,Sales,Manager,8,,Remote,Delhi,M201,Mid,Full-time,0.7621825396825397
T308,E105,P12,Development,Medium,Completed,2024-01-09,2024-01-10,2024-01-10,5,9,No,1,0.5555555555555556,Employee_5,F,39,HR,Engineer,10,,Hybrid,Mumbai,M201,High,Full-time,0.7870190476190476
T309,E176,P11,Development,Low,Completed,2024-02-14,2024-02-17,2024-02-17,8,8,No,3,1.0,Employee_76,M,43,Finance,Executive,12,,Hybrid,Bangalore,M208,Mid,Full-time,0.7354563492063493
T310,E168,P14,Development,Low,Completed,2024-01-15,2024-01-19,2024-01-19,7,4,No,4,1.75,Employee_68,F,45,Finance,Executive,13,,Remote,Delhi,M210,Low,Full-time,0.7415952380952382
T311,E172,P4,Development,Low,Completed,2024-01-06,2024-01-07,2024-01-07,7,2,No,1,3.5,Employee_72,M,43,Finance,Executive,9,,Hybrid,Delhi,M208,Mid,Full-time,0.7654444444444444
T312,E121,P4,Meeting,High,Completed,2024-01-30,2024-02-02,2024-02-02,4,5,No,3,0.8,Employee_21,M,32,IT,Executive,3,,Remote,Mumbai,M209,High,Full-time,0.7518650793650794
T313,E178,P4,Meeting,High,Completed,2024-01-24,2024-01-25,2024-01-26,6,6,Yes,2,1.0,Employee_78,F,29,HR,Executive,7,,Remote,Bangalore,M205,Low,Full-time,0.7467162698412699
T314,E148,P13,Development,High,Completed,2024-01-17,2024-01-20,2024-01-20,5,3,No,3,1.6666666666666667,Employee_48,M,40,Sales,Executive,12,,Remote,Pune,M201,Mid,Full-time,0.7464857142857143
T315,E112,P18,Analysis,High,Completed,2024-01-22,2024-01-24,2024-01-24,4,8,No,2,0.5,Employee_12,F,25,Sales,Manager,9,,Remote,Mumbai,M206,Low,Full-time,0.7671728395061729
T316,E112,P17,Development,Medium,Completed,2024-01-14,2024-01-16,2024-01-16,2,3,No,2,0.6666666666666666,Employee_12,F,25,Sales,Manager,9,,Remote,Mumbai,M206,Low,Full-time,0.7671728395061729
T317,E168,P18,Analysis,Medium,Completed,2024-01-16,2024-01-18,2024-01-18,7,10,No,2,0.7,Employee_68,F,45,Finance,Executive,13,,Remote,Delhi,M210,Low,Full-time,0.7415952380952382
T318,E166,P8,Development,Low,Completed,2024-01-05,2024-01-06,2024-01-07,8,6,Yes,2,1.3333333333333333,Employee_66,M,43,Finance,Executive,14,,Onsite,Bangalore,M202,High,Full-time,0.7827767857142858
T319,E108,P19,Meeting,Medium,Completed,2024-02-21,2024-02-25,2024-02-25,4,3,No,4,1.3333333333333333,Employee_8,M,50,IT,Analyst,15,,Hybrid,Bangalore,M207,Low,Full-time,0.875
T320,E172,P1,Meeting,Medium,Completed,2024-01-03,2024-01-07,2024-01-07,7,7,No,4,1.0,Employee_72,M,43,Finance,Executive,9,,Hybrid,Delhi,M208,Mid,Full-time,0.7654444444444444
T321,E169,P2,Testing,Medium,Completed,2024-01-05,2024-01-08,2024-01-08,4,10,No,3,0.4,Employee_69,F,22,Sales,Executive,7,,Hybrid,Delhi,M201,Low,Full-time,0.7823129960317461
T322,E148,P15,Meeting,Medium,Completed,2024-01-23,2024-01-26,2024-01-26,5,8,No,3,0.625,Employee_48,M,40,Sales,Executive,12,,Remote,Pune,M201,Mid,Full-time,0.7464857142857143
T323,E155,P13,Testing,Medium,Completed,2024-01-01,2024-01-02,2024-01-03,5,6,Yes,2,0.8333333333333334,Employee_55,M,33,Finance,Executive,10,,Remote,Bangalore,M210,High,Full-time,0.7941666666666667
T324,E180,P17,Testing,High,Completed,2024-02-16,2024-02-20,2024-02-20,2,3,No,4,0.6666666666666666,Employee_80,F,29,HR,Manager,11,,Hybrid,Bangalore,M201,High,Full-time,0.7824
T325,E118,P1,Development,Medium,Completed,2024-01-27,2024-02-01,2024-02-01,7,4,No,5,1.75,Employee_18,M,38,Finance,Engineer,5,,Remote,Delhi,M210,High,Full-time,0.71875
T326,E136,P19,Meeting,High,Completed,2024-01-21,2024-01-25,2024-01-25,4,9,No,4,0.4444444444444444,Employee_36,M,43,Sales,Analyst,12,,Remote,Bangalore,M204,Low,Full-time,0.6768063492063492
T327,E143,P20,Analysis,Medium,Completed,2024-01-20,2024-01-25,2024-01-26,6,2,Yes,6,3.0,Employee_43,F,36,Sales,Engineer,1,,Onsite,Pune,M206,Low,Full-time,0.6661428571428571
T328,E151,P8,Analysis,Low,Completed,2024-02-29,2024-03-01,2024-03-01,6,3,No,1,2.0,Employee_51,M,33,IT,Analyst,4,,Onsite,Delhi,M204,Mid,Full-time,0.7705799319727892
T329,E132,P18,Development,High,Completed,2024-02-15,2024-02-19,2024-02-19,6,4,No,4,1.5,Employee_32,M,30,IT,Manager,13,,Hybrid,Bangalore,M205,High,Full-time,0.7539365079365079
T330,E175,P13,Testing,Low,Completed,2024-02-14,2024-02-19,2024-02-19,3,8,No,5,0.375,Employee_75,M,44,IT,Engineer,11,,Onsite,Delhi,M202,High,Full-time,0.6822440476190477
T331,E187,P13,Development,High,Completed,2024-02-12,2024-02-13,2024-02-14,5,2,Yes,2,2.5,Employee_87,M,41,Finance,Manager,6,,Hybrid,Delhi,M210,Low,Full-time,0.7224355158730159
T332,E140,P16,Testing,Low,Completed,2024-02-24,2024-02-25,2024-02-25,4,2,No,1,2.0,Employee_40,F,31,HR,Engineer,10,,Remote,Mumbai,M210,Mid,Full-time,0.7811517857142858
T333,E172,P8,Meeting,Low,Completed,2024-02-11,2024-02-12,2024-02-12,6,3,No,1,2.0,Employee_72,M,43,Finance,Executive,9,,Hybrid,Delhi,M208,Mid,Full-time,0.7654444444444444
T334,E141,P13,Development,High,Completed,2024-01-08,2024-01-11,2024-01-11,6,8,No,3,0.75,Employee_41,F,48,Sales,Analyst,13,,Hybrid,Bangalore,M210,High,Full-time,0.799936507936508
T335,E121,P9,Analysis,Low,Completed,2024-01-13,2024-01-18,2024-01-18,6,5,No,5,1.2,Employee_21,M,32,IT,Executive,3,,Remote,Mumbai,M209,High,Full-time,0.7518650793650794
T336,E161,P19,Meeting,Low,Completed,2024-02-16,2024-02-19,2024-02-19,2,8,No,3,0.25,Employee_61,M,39,IT,Analyst,7,,Onsite,Pune,M204,High,Full-time,0.7738888888888888
T337,E110,P6,Meeting,Medium,Completed,2024-03-01,2024-03-06,2024-03-06,2,9,No,5,0.2222222222222222,Employee_10,F,32,IT,Engineer,6,,Onsite,Mumbai,M209,Mid,Full-time,0.7745694444444444
T338,E153,P6,Meeting,Low,Completed,2024-02-06,2024-02-08,2024-02-09,3,4,Yes,3,0.75,Employee_53,F,50,HR,Manager,3,,Remote,Bangalore,M210,Low,Full-time,0.7709259259259259
T339,E150,P6,Development,High,Completed,2024-02-04,2024-02-07,2024-02-07,5,3,No,3,1.6666666666666667,Employee_50,F,30,Sales,Engineer,11,,Remote,Mumbai,M204,Low,Full-time,0.756375
T340,E139,P19,Analysis,Low,Completed,2024-02-04,2024-02-08,2024-02-08,3,6,No,4,0.5,Employee_39,F,32,Finance,Analyst,2,,Onsite,Delhi,M209,Mid,Full-time,0.7454285714285714
T341,E188,P6,Development,Low,Completed,2024-02-21,2024-02-26,2024-02-27,3,6,Yes,6,0.5,Employee_88,M,32,IT,Analyst,12,,Remote,Bangalore,M203,Low,Full-time,0.6921111111111111
T342,E121,P8,Analysis,Medium,Completed,2024-02-18,2024-02-23,2024-02-23,3,7,No,5,0.42857142857142855,Employee_21,M,32,IT,Executive,3,,Remote,Mumbai,M209,High,Full-time,0.7518650793650794
T343,E145,P18,Development,Low,Completed,2024-01-07,2024-01-09,2024-01-09,2,9,No,2,0.2222222222222222,Employee_45,F,23,IT,Manager,2,,Onsite,Bangalore,M206,Low,Full-time,0.7096676587301587
T344,E128,P4,Analysis,High,Completed,2024-01-07,2024-01-11,2024-01-11,3,8,No,4,0.375,Employee_28,F,38,Finance,Executive,3,,Remote,Bangalore,M206,Low,Full-time,0.73
T345,E111,P17,Meeting,Low,Completed,2024-01-07,2024-01-09,2024-01-09,3,8,No,2,0.375,Employee_11,M,34,Finance,Engineer,5,,Onsite,Bangalore,M205,High,Full-time,0.7758666666666667
T346,E140,P8,Development,Low,Completed,2024-01-06,2024-01-10,2024-01-10,8,10,No,4,0.8,Employee_40,F,31,HR,Engineer,10,,Remote,Mumbai,M210,Mid,Full-time,0.7811517857142858
T347,E103,P13,Meeting,Medium,Completed,2024-02-10,2024-02-15,2024-02-15,8,6,No,5,1.3333333333333333,Employee_3,M,26,HR,Engineer,1,,Hybrid,Mumbai,M207,Mid,Full-time,0.8137351190476191
T348,E174,P14,Testing,Medium,Completed,2024-01-05,2024-01-09,2024-01-09,7,8,No,4,0.875,Employee_74,M,43,HR,Analyst,15,,Onsite,Pune,M201,Low,Full-time,0.7594952380952381
T349,E199,P15,Development,High,Completed,2024-02-01,2024-02-04,2024-02-04,3,6,No,3,0.5,Employee_99,F,49,Finance,Engineer,15,,Hybrid,Mumbai,M206,High,Full-time,0.7207568027210884
T350,E168,P10,Meeting,Medium,Completed,2024-01-17,2024-01-20,2024-01-21,3,5,Yes,4,0.6,Employee_68,F,45,Finance,Executive,13,,Remote,Delhi,M210,Low,Full-time,0.7415952380952382
T351,E200,P14,Analysis,High,Completed,2024-02-10,2024-02-11,2024-02-11,4,9,No,1,0.4444444444444444,Employee_100,M,26,Sales,Manager,9,,Remote,Mumbai,M206,High,Full-time,0.7866269841269842
T352,E193,P16,Development,Low,Completed,2024-02-16,2024-02-20,2024-02-20,8,7,No,4,1.1428571428571428,Employee_93,M,32,HR,Engineer,14,,Onsite,Delhi,M208,High,Full-time,0.7477777777777779
T353,E192,P6,Development,High,Completed,2024-02-28,2024-03-02,2024-03-03,3,2,Yes,4,1.5,Employee_92,F,42,Finance,Executive,14,,Onsite,Bangalore,M205,Low,Full-time,0.7756481481481482
T354,E132,P12,Testing,Low,Completed,2024-01-31,2024-02-05,2024-02-05,2,10,No,5,0.2,Employee_32,M,30,IT,Manager,13,,Hybrid,Bangalore,M205,High,Full-time,0.7539365079365079
T355,E162,P17,Testing,Low,Completed,2024-01-24,2024-01-29,2024-01-30,4,7,Yes,6,0.5714285714285714,Employee_62,F,34,Finance,Executive,14,,Remote,Delhi,M203,High,Full-time,0.6888333333333333
T356,E193,P1,Meeting,High,Completed,2024-01-01,2024-01-03,2024-01-03,5,4,No,2,1.25,Employee_93,M,32,HR,Engineer,14,,Onsite,Delhi,M208,High,Full-time,0.7477777777777779
T357,E165,P5,Analysis,Low,Completed,2024-01-13,2024-01-14,2024-01-14,2,2,No,1,1.0,Employee_65,M,36,Sales,Analyst,12,,Remote,Mumbai,M207,Low,Full-time,0.8254166666666667
T358,E176,P1,Analysis,Medium,Completed,2024-02-09,2024-02-10,2024-02-10,6,9,No,1,0.6666666666666666,Employee_76,M,43,Finance,Executive,12,,Hybrid,Bangalore,M208,Mid,Full-time,0.7354563492063493
T359,E195,P5,Analysis,Low,Completed,2024-02-15,2024-02-20,2024-02-20,6,10,No,5,0.6,Employee_95,F,47,HR,Manager,12,,Remote,Delhi,M203,Low,Full-time,0.7920340136054422
T360,E176,P13,Meeting,High,Completed,2024-02-14,2024-02-15,2024-02-15,5,5,No,1,1.0,Employee_76,M,43,Finance,Executive,12,,Hybrid,Bangalore,M208,Mid,Full-time,0.7354563492063493
T361,E106,P13,Meeting,Medium,Completed,2024-02-12,2024-02-15,2024-02-15,3,7,No,3,0.42857142857142855,Employee_6,M,32,HR,Engineer,3,,Onsite,Pune,M202,Low,Full-time,0.7846402116402116
T362,E144,P6,Analysis,High,Completed,2024-02-14,2024-02-17,2024-02-17,8,10,No,3,0.8,Employee_44,F,31,Finance,Analyst,8,,Onsite,Pune,M201,High,Full-time,0.7776613756613756
T363,E160,P12,Meeting,Low,Completed,2024-01-03,2024-01-07,2024-01-08,8,9,Yes,5,0.8888888888888888,Employee_60,F,44,Finance,Analyst,2,,Remote,Mumbai,M205,High,Full-time,0.7886293650793651
T364,E123,P7,Testing,Low,Completed,2024-02-06,2024-02-10,2024-02-10,6,4,No,4,1.5,Employee_23,M,47,IT,Engineer,5,,Remote,Pune,M206,Low,Full-time,0.8247619047619048
T365,E128,P4,Development,Medium,Completed,2024-02-26,2024-02-29,2024-02-29,4,6,No,3,0.6666666666666666,Employee_28,F,38,Finance,Executive,3,,Remote,Bangalore,M206,Low,Full-time,0.73
T366,E159,P12,Meeting,Low,Completed,2024-01-27,2024-02-01,2024-02-02,5,8,Yes,6,0.625,Employee_59,M,45,Finance,Manager,1,,Remote,Pune,M205,Low,Full-time,0.7160694444444444
T367,E184,P17,Analysis,Low,Completed,2024-01-04,2024-01-08,2024-01-08,8,10,No,4,0.8,Employee_84,F,29,Finance,Manager,3,,Hybrid,Delhi,M206,High,Full-time,0.6777777777777777
T368,E121,P14,Meeting,Medium,Completed,2024-01-03,2024-01-06,2024-01-06,3,10,No,3,0.3,Employee_21,M,32,IT,Executive,3,,Remote,Mumbai,M209,High,Full-time,0.7518650793650794
T369,E157,P4,Development,Medium,Completed,2024-01-28,2024-01-30,2024-01-30,2,10,No,2,0.2,Employee_57,F,24,HR,Engineer,2,,Hybrid,Pune,M203,Low,Full-time,0.822
T370,E196,P8,Meeting,Medium,Completed,2024-02-04,2024-02-09,2024-02-10,3,10,Yes,6,0.3,Employee_96,M,24,HR,Engineer,5,,Hybrid,Mumbai,M205,High,Full-time,0.7428677248677249
T371,E135,P11,Analysis,Low,Completed,2024-02-24,2024-02-29,2024-02-29,4,6,No,5,0.6666666666666666,Employee_35,F,32,Finance,Executive,1,,Remote,Mumbai,M203,Low,Full-time,0.711875
T372,E180,P18,Testing,Low,Completed,2024-01-06,2024-01-10,2024-01-10,3,6,No,4,0.5,Employee_80,F,29,HR,Manager,11,,Hybrid,Bangalore,M201,High,Full-time,0.7824
T373,E149,P15,Testing,High,Completed,2024-02-22,2024-02-26,2024-02-26,3,6,No,4,0.5,Employee_49,F,41,Finance,Engineer,11,,Onsite,Delhi,M207,High,Full-time,0.7679219576719576
T374,E114,P3,Testing,Low,Completed,2024-02-02,2024-02-05,2024-02-05,3,5,No,3,0.6,Employee_14,F,31,Finance,Manager,6,,Hybrid,Bangalore,M206,Mid,Full-time,0.8085185185185185
T375,E173,P16,Development,High,Completed,2024-02-23,2024-02-24,2024-02-24,2,6,No,1,0.3333333333333333,Employee_73,M,45,Sales,Executive,2,,Hybrid,Delhi,M201,Low,Full-time,0.7672698412698413
T376,E164,P2,Development,High,Completed,2024-01-04,2024-01-08,2024-01-08,5,7,No,4,0.7142857142857143,Employee_64,F,25,IT,Analyst,5,,Hybrid,Pune,M209,Low,Full-time,0.697782738095238
T377,E146,P5,Testing,Medium,Completed,2024-01-10,2024-01-12,2024-01-13,7,10,Yes,3,0.7,Employee_46,M,50,Sales,Executive,10,,Onsite,Bangalore,M204,Mid,Full-time,0.7841833333333333
T378,E128,P13,Analysis,Medium,Completed,2024-01-25,2024-01-30,2024-01-30,8,2,No,5,4.0,Employee_28,F,38,Finance,Executive,3,,Remote,Bangalore,M206,Low,Full-time,0.73
T379,E138,P15,Analysis,Medium,Completed,2024-02-05,2024-02-08,2024-02-08,5,2,No,3,2.5,Employee_38,M,43,Sales,Executive,10,,Hybrid,Delhi,M201,High,Full-time,0.748
T380,E185,P18,Development,Medium,Completed,2024-01-05,2024-01-08,2024-01-08,3,5,No,3,0.6,Employee_85,M,22,IT,Engineer,4,,Hybrid,Delhi,M203,Low,Full-time,0.690952380952381
T381,E153,P11,Analysis,Medium,Completed,2024-02-17,2024-02-20,2024-02-20,4,4,No,3,1.0,Employee_53,F,50,HR,Manager,3,,Remote,Bangalore,M210,Low,Full-time,0.7709259259259259
T382,E166,P6,Development,High,Completed,2024-01-29,2024-01-30,2024-01-30,5,8,No,1,0.625,Employee_66,M,43,Finance,Executive,14,,Onsite,Bangalore,M202,High,Full-time,0.7827767857142858
T383,E198,P16,Meeting,High,Completed,2024-01-24,2024-01-28,2024-01-28,6,4,No,4,1.5,Employee_98,F,24,Finance,Engineer,7,,Hybrid,Bangalore,M210,Mid,Full-time,0.7043095238095238
T384,E197,P14,Testing,Low,Completed,2024-01-04,2024-01-07,2024-01-07,3,5,No,3,0.6,Employee_97,F,24,IT,Analyst,9,,Onsite,Mumbai,M208,High,Full-time,0.749047619047619
T385,E159,P7,Meeting,Low,Completed,2024-02-04,2024-02-07,2024-02-07,2,3,No,3,0.6666666666666666,Employee_59,M,45,Finance,Manager,1,,Remote,Pune,M205,Low,Full-time,0.7160694444444444
T386,E105,P17,Testing,Medium,Completed,2024-02-16,2024-02-17,2024-02-17,2,4,No,1,0.5,Employee_5,F,39,HR,Engineer,10,,Hybrid,Mumbai,M201,High,Full-time,0.7870190476190476
T387,E126,P15,Testing,Low,Completed,2024-01-12,2024-01-14,2024-01-15,3,3,Yes,3,1.0,Employee_26,M,40,HR,Executive,4,,Hybrid,Pune,M210,Low,Full-time,0.8008333333333333
T388,E110,P13,Analysis,Low,Completed,2024-01-06,2024-01-07,2024-01-07,4,4,No,1,1.0,Employee_10,F,32,IT,Engineer,6,,Onsite,Mumbai,M209,Mid,Full-time,0.7745694444444444
T389,E174,P17,Development,High,Completed,2024-01-19,2024-01-21,2024-01-21,3,9,No,2,0.3333333333333333,Employee_74,M,43,HR,Analyst,15,,Onsite,Pune,M201,Low,Full-time,0.7594952380952381
T390,E119,P3,Meeting,Low,Completed,2024-03-01,2024-03-03,2024-03-03,8,2,No,2,4.0,Employee_19,M,25,Sales,Engineer,10,,Onsite,Delhi,M209,Mid,Full-time,0.7480000000000001
T391,E140,P3,Analysis,High,Completed,2024-02-04,2024-02-05,2024-02-05,8,5,No,1,1.6,Employee_40,F,31,HR,Engineer,10,,Remote,Mumbai,M210,Mid,Full-time,0.7811517857142858
T392,E171,P5,Meeting,Low,Completed,2024-02-10,2024-02-13,2024-02-13,8,7,No,3,1.1428571428571428,Employee_71,M,42,HR,Engineer,8,,Remote,Pune,M208,High,Full-time,0.7943904761904761
T393,E159,P12,Meeting,Medium,Completed,2024-02-08,2024-02-12,2024-02-12,8,6,No,4,1.3333333333333333,Employee_59,M,45,Finance,Manager,1,,Remote,Pune,M205,Low,Full-time,0.7160694444444444
T394,E185,P3,Testing,Low,Completed,2024-01-22,2024-01-27,2024-01-27,6,4,No,5,1.5,Employee_85,M,22,IT,Engineer,4,,Hybrid,Delhi,M203,Low,Full-time,0.690952380952381
T395,E117,P20,Analysis,Low,Completed,2024-02-16,2024-02-17,2024-02-17,2,4,No,1,0.5,Employee_17,M,31,Finance,Executive,5,,Remote,Mumbai,M210,Mid,Full-time,0.7257936507936509
T396,E175,P1,Development,High,Completed,2024-01-23,2024-01-28,2024-01-28,8,3,No,5,2.6666666666666665,Employee_75,M,44,IT,Engineer,11,,Onsite,Delhi,M202,High,Full-time,0.6822440476190477
T397,E146,P11,Development,High,Completed,2024-01-17,2024-01-21,2024-01-21,2,4,No,4,0.5,Employee_46,M,50,Sales,Executive,10,,Onsite,Bangalore,M204,Mid,Full-time,0.7841833333333333
T398,E110,P2,Development,High,Completed,2024-02-25,2024-02-29,2024-02-29,8,8,No,4,1.0,Employee_10,F,32,IT,Engineer,6,,Onsite,Mumbai,M209,Mid,Full-time,0.7745694444444444
T399,E116,P17,Analysis,High,Completed,2024-01-01,2024-01-02,2024-01-02,8,3,No,1,2.6666666666666665,Employee_16,M,24,HR,Manager,14,,Onsite,Mumbai,M204,Low,Full-time,0.7408333333333333
T400,E161,P3,Meeting,High,Completed,2024-01-03,2024-01-07,2024-01-07,6,3,No,4,2.0,Employee_61,M,39,IT,Analyst,7,,Onsite,Pune,M204,High,Full-time,0.7738888888888888
T401,E195,P10,Development,Low,Completed,2024-01-09,2024-01-11,2024-01-12,4,7,Yes,3,0.5714285714285714,Employee_95,F,47,HR,Manager,12,,Remote,Delhi,M203,Low,Full-time,0.7920340136054422
T402,E165,P14,Analysis,Low,Completed,2024-01-20,2024-01-22,2024-01-22,2,10,No,2,0.2,Employee_65,M,36,Sales,Analyst,12,,Remote,Mumbai,M207,Low,Full-time,0.8254166666666667
T403,E118,P16,Meeting,Medium,Completed,2024-02-25,2024-02-27,2024-02-27,7,8,No,2,0.875,Employee_18,M,38,Finance,Engineer,5,,Remote,Delhi,M210,High,Full-time,0.71875
T404,E160,P1,Analysis,Medium,Completed,2024-01-19,2024-01-20,2024-01-20,7,4,No,1,1.75,Employee_60,F,44,Finance,Analyst,2,,Remote,Mumbai,M205,High,Full-time,0.7886293650793651
T405,E124,P11,Testing,High,Completed,2024-02-04,2024-02-06,2024-02-06,2,7,No,2,0.2857142857142857,Employee_24,F,28,IT,Engineer,7,,Onsite,Bangalore,M204,Low,Full-time,0.7584285714285715
T406,E144,P10,Testing,Medium,Completed,2024-01-25,2024-01-28,2024-01-28,4,8,No,3,0.5,Employee_44,F,31,Finance,Analyst,8,,Onsite,Pune,M201,High,Full-time,0.7776613756613756
T407,E141,P2,Testing,Low,Completed,2024-02-19,2024-02-22,2024-02-22,7,5,No,3,1.4,Employee_41,F,48,Sales,Analyst,13,,Hybrid,Bangalore,M210,High,Full-time,0.799936507936508
T408,E144,P10,Testing,Low,Completed,2024-02-19,2024-02-23,2024-02-23,6,7,No,4,0.8571428571428571,Employee_44,F,31,Finance,Analyst,8,,Onsite,Pune,M201,High,Full-time,0.7776613756613756
T409,E173,P18,Meeting,Medium,Completed,2024-01-25,2024-01-30,2024-01-31,2,9,Yes,6,0.2222222222222222,Employee_73,M,45,Sales,Executive,2,,Hybrid,Delhi,M201,Low,Full-time,0.7672698412698413
T410,E122,P1,Development,Low,Completed,2024-01-22,2024-01-27,2024-01-28,2,10,Yes,6,0.2,Employee_22,M,35,HR,Engineer,4,,Hybrid,Mumbai,M210,Low,Full-time,0.7723722222222221
T411,E165,P3,Meeting,Low,Completed,2024-02-01,2024-02-03,2024-02-03,2,4,No,2,0.5,Employee_65,M,36,Sales,Analyst,12,,Remote,Mumbai,M207,Low,Full-time,0.8254166666666667
T412,E175,P7,Development,Medium,Completed,2024-02-21,2024-02-22,2024-02-22,5,8,No,1,0.625,Employee_75,M,44,IT,Engineer,11,,Onsite,Delhi,M202,High,Full-time,0.6822440476190477
T413,E164,P11,Analysis,Low,Completed,2024-01-05,2024-01-07,2024-01-08,5,3,Yes,3,1.6666666666666667,Employee_64,F,25,IT,Analyst,5,,Hybrid,Pune,M209,Low,Full-time,0.697782738095238
T414,E163,P13,Testing,High,Completed,2024-01-04,2024-01-07,2024-01-08,8,9,Yes,4,0.8888888888888888,Employee_63,F,46,Sales,Engineer,10,,Remote,Delhi,M209,High,Full-time,0.6536309523809524
T415,E199,P2,Analysis,High,Completed,2024-02-08,2024-02-13,2024-02-13,2,4,No,5,0.5,Employee_99,F,49,Finance,Engineer,15,,Hybrid,Mumbai,M206,High,Full-time,0.7207568027210884
T416,E145,P19,Development,High,Completed,2024-01-29,2024-02-03,2024-02-03,3,5,No,5,0.6,Employee_45,F,23,IT,Manager,2,,Onsite,Bangalore,M206,Low,Full-time,0.7096676587301587
T417,E137,P13,Analysis,Low,Completed,2024-02-05,2024-02-09,2024-02-09,7,3,No,4,2.3333333333333335,Employee_37,F,45,IT,Engineer,12,,Onsite,Mumbai,M203,High,Full-time,0.7003769841269841
T418,E161,P3,Development,Low,Completed,2024-01-31,2024-02-05,2024-02-06,2,9,Yes,6,0.2222222222222222,Employee_61,M,39,IT,Analyst,7,,Onsite,Pune,M204,High,Full-time,0.7738888888888888
T419,E172,P6,Analysis,Medium,Completed,2024-01-01,2024-01-03,2024-01-04,8,2,Yes,3,4.0,Employee_72,M,43,Finance,Executive,9,,Hybrid,Delhi,M208,Mid,Full-time,0.7654444444444444
T420,E103,P15,Meeting,Low,Completed,2024-03-01,2024-03-03,2024-03-03,4,8,No,2,0.5,Employee_3,M,26,HR,Engineer,1,,Hybrid,Mumbai,M207,Mid,Full-time,0.8137351190476191
T421,E174,P11,Meeting,High,Completed,2024-01-20,2024-01-22,2024-01-23,6,8,Yes,3,0.75,Employee_74,M,43,HR,Analyst,15,,Onsite,Pune,M201,Low,Full-time,0.7594952380952381
T422,E135,P9,Analysis,High,Completed,2024-02-20,2024-02-24,2024-02-24,6,4,No,4,1.5,Employee_35,F,32,Finance,Executive,1,,Remote,Mumbai,M203,Low,Full-time,0.711875
T423,E161,P9,Development,High,Completed,2024-01-26,2024-01-31,2024-01-31,3,5,No,5,0.6,Employee_61,M,39,IT,Analyst,7,,Onsite,Pune,M204,High,Full-time,0.7738888888888888
T424,E120,P14,Analysis,Medium,Completed,2024-01-31,2024-02-03,2024-02-04,7,5,Yes,4,1.4,Employee_20,F,43,HR,Analyst,3,,Hybrid,Mumbai,M203,Mid,Full-time,0.7044583333333333
T425,E107,P12,Development,High,Completed,2024-01-13,2024-01-16,2024-01-16,6,6,No,3,1.0,Employee_7,F,44,IT,Executive,12,,Hybrid,Delhi,M201,High,Full-time,0.7711388888888889
T426,E110,P18,Testing,High,Completed,2024-02-15,2024-02-17,2024-02-17,4,9,No,2,0.4444444444444444,Employee_10,F,32,IT,Engineer,6,,Onsite,Mumbai,M209,Mid,Full-time,0.7745694444444444
T427,E200,P2,Meeting,High,Completed,2024-01-02,2024-01-06,2024-01-06,6,5,No,4,1.2,Employee_100,M,26,Sales,Manager,9,,Remote,Mumbai,M206,High,Full-time,0.7866269841269842
T428,E138,P13,Meeting,Medium,Completed,2024-01-14,2024-01-17,2024-01-17,8,7,No,3,1.1428571428571428,Employee_38,M,43,Sales,Executive,10,,Hybrid,Delhi,M201,High,Full-time,0.748
T429,E127,P19,Meeting,Medium,Completed,2024-01-27,2024-01-28,2024-01-28,5,8,No,1,0.625,Employee_27,F,23,Finance,Manager,15,,Onsite,Mumbai,M203,High,Full-time,0.7761285714285714
T430,E150,P9,Meeting,Medium,Completed,2024-01-04,2024-01-09,2024-01-09,4,6,No,5,0.6666666666666666,Employee_50,F,30,Sales,Engineer,11,,Remote,Mumbai,M204,Low,Full-time,0.756375
T431,E139,P19,Development,Low,Completed,2024-01-25,2024-01-30,2024-01-31,7,3,Yes,6,2.3333333333333335,Employee_39,F,32,Finance,Analyst,2,,Onsite,Delhi,M209,Mid,Full-time,0.7454285714285714
T432,E109,P15,Testing,Medium,Completed,2024-02-19,2024-02-20,2024-02-20,8,2,No,1,4.0,Employee_9,M,37,Finance,Analyst,7,,Hybrid,Bangalore,M202,Mid,Full-time,0.77335
T433,E111,P11,Meeting,High,Completed,2024-01-12,2024-01-16,2024-01-16,7,6,No,4,1.1666666666666667,Employee_11,M,34,Finance,Engineer,5,,Onsite,Bangalore,M205,High,Full-time,0.7758666666666667
T434,E185,P19,Analysis,Medium,Completed,2024-01-04,2024-01-09,2024-01-09,5,4,No,5,1.25,Employee_85,M,22,IT,Engineer,4,,Hybrid,Delhi,M203,Low,Full-time,0.690952380952381
T435,E138,P6,Testing,High,Completed,2024-02-15,2024-02-16,2024-02-16,8,8,No,1,1.0,Employee_38,M,43,Sales,Executive,10,,Hybrid,Delhi,M201,High,Full-time,0.748
T436,E105,P9,Meeting,High,Completed,2024-01-21,2024-01-25,2024-01-25,3,5,No,4,0.6,Employee_5,F,39,HR,Engineer,10,,Hybrid,Mumbai,M201,High,Full-time,0.7870190476190476
T437,E162,P16,Meeting,High,Completed,2024-02-13,2024-02-15,2024-02-15,3,3,No,2,1.0,Employee_62,F,34,Finance,Executive,14,,Remote,Delhi,M203,High,Full-time,0.6888333333333333
T438,E104,P3,Development,Low,Completed,2024-02-06,2024-02-10,2024-02-10,7,7,No,4,1.0,Employee_4,M,27,IT,Manager,15,,Remote,Delhi,M210,Low,Full-time,0.7782592592592592
T439,E151,P15,Testing,Low,Completed,2024-02-10,2024-02-11,2024-02-11,6,7,No,1,0.8571428571428571,Employee_51,M,33,IT,Analyst,4,,Onsite,Delhi,M204,Mid,Full-time,0.7705799319727892
T440,E149,P5,Testing,Medium,Completed,2024-02-16,2024-02-17,2024-02-17,6,5,No,1,1.2,Employee_49,F,41,Finance,Engineer,11,,Onsite,Delhi,M207,High,Full-time,0.7679219576719576
T441,E147,P17,Analysis,Medium,Completed,2024-02-14,2024-02-17,2024-02-17,6,9,No,3,0.6666666666666666,Employee_47,F,44,HR,Manager,6,,Onsite,Delhi,M210,Mid,Full-time,0.7898571428571428
T442,E108,P5,Testing,Medium,Completed,2024-01-27,2024-01-28,2024-01-28,6,10,No,1,0.6,Employee_8,M,50,IT,Analyst,15,,Hybrid,Bangalore,M207,Low,Full-time,0.875
T443,E119,P6,Development,Low,Completed,2024-01-14,2024-01-17,2024-01-17,3,6,No,3,0.5,Employee_19,M,25,Sales,Engineer,10,,Onsite,Delhi,M209,Mid,Full-time,0.7480000000000001
T444,E152,P4,Testing,Medium,Completed,2024-02-20,2024-02-25,2024-02-25,7,3,No,5,2.3333333333333335,Employee_52,F,32,Finance,Engineer,12,,Hybrid,Mumbai,M201,Low,Full-time,0.6868148148148148
T445,E110,P14,Meeting,High,Completed,2024-02-26,2024-02-27,2024-02-28,6,2,Yes,2,3.0,Employee_10,F,32,IT,Engineer,6,,Onsite,Mumbai,M209,Mid,Full-time,0.7745694444444444
T446,E107,P14,Testing,Medium,Completed,2024-01-22,2024-01-24,2024-01-24,6,4,No,2,1.5,Employee_7,F,44,IT,Executive,12,,Hybrid,Delhi,M201,High,Full-time,0.7711388888888889
T447,E141,P3,Meeting,Medium,Completed,2024-01-05,2024-01-10,2024-01-11,5,3,Yes,6,1.6666666666666667,Employee_41,F,48,Sales,Analyst,13,,Hybrid,Bangalore,M210,High,Full-time,0.799936507936508
T448,E141,P9,Testing,Medium,Completed,2024-01-05,2024-01-07,2024-01-07,8,10,No,2,0.8,Employee_41,F,48,Sales,Analyst,13,,Hybrid,Bangalore,M210,High,Full-time,0.799936507936508
T449,E185,P12,Testing,Medium,Completed,2024-02-12,2024-02-16,2024-02-16,4,5,No,4,0.8,Employee_85,M,22,IT,Engineer,4,,Hybrid,Delhi,M203,Low,Full-time,0.690952380952381
T450,E198,P14,Testing,High,Completed,2024-02-29,2024-03-02,2024-03-02,7,4,No,2,1.75,Employee_98,F,24,Finance,Engineer,7,,Hybrid,Bangalore,M210,Mid,Full-time,0.7043095238095238
T451,E112,P2,Analysis,High,Completed,2024-02-11,2024-02-14,2024-02-14,8,2,No,3,4.0,Employee_12,F,25,Sales,Manager,9,,Remote,Mumbai,M206,Low,Full-time,0.7671728395061729
T452,E117,P1,Analysis,Medium,Completed,2024-01-26,2024-01-29,2024-01-30,8,6,Yes,4,1.3333333333333333,Employee_17,M,31,Finance,Executive,5,,Remote,Mumbai,M210,Mid,Full-time,0.7257936507936509
T453,E192,P6,Testing,Medium,Completed,2024-02-08,2024-02-12,2024-02-12,2,7,No,4,0.2857142857142857,Employee_92,F,42,Finance,Executive,14,,Onsite,Bangalore,M205,Low,Full-time,0.7756481481481482
T454,E172,P18,Testing,Medium,Completed,2024-01-25,2024-01-26,2024-01-26,6,7,No,1,0.8571428571428571,Employee_72,M,43,Finance,Executive,9,,Hybrid,Delhi,M208,Mid,Full-time,0.7654444444444444
T455,E105,P17,Meeting,Low,Completed,2024-02-10,2024-02-11,2024-02-11,6,8,No,1,0.75,Employee_5,F,39,HR,Engineer,10,,Hybrid,Mumbai,M201,High,Full-time,0.7870190476190476
T456,E169,P13,Testing,Low,Completed,2024-01-26,2024-01-29,2024-01-29,2,7,No,3,0.2857142857142857,Employee_69,F,22,Sales,Executive,7,,Hybrid,Delhi,M201,Low,Full-time,0.7823129960317461
T457,E153,P17,Testing,Low,Completed,2024-02-26,2024-02-28,2024-02-28,5,9,No,2,0.5555555555555556,Employee_53,F,50,HR,Manager,3,,Remote,Bangalore,M210,Low,Full-time,0.7709259259259259
T458,E158,P19,Analysis,Medium,Completed,2024-01-19,2024-01-20,2024-01-20,7,9,No,1,0.7777777777777778,Employee_58,F,42,HR,Analyst,7,,Onsite,Pune,M202,High,Full-time,0.7749751984126985
T459,E183,P20,Meeting,High,Completed,2024-01-26,2024-01-30,2024-01-31,4,9,Yes,5,0.4444444444444444,Employee_83,M,29,Sales,Analyst,8,,Hybrid,Mumbai,M202,Mid,Full-time,0.7279166666666667
T460,E110,P14,Testing,Medium,Completed,2024-01-13,2024-01-16,2024-01-16,6,5,No,3,1.2,Employee_10,F,32,IT,Engineer,6,,Onsite,Mumbai,M209,Mid,Full-time,0.7745694444444444
T461,E137,P6,Meeting,High,Completed,2024-01-28,2024-01-30,2024-01-31,5,5,Yes,3,1.0,Employee_37,F,45,IT,Engineer,12,,Onsite,Mumbai,M203,High,Full-time,0.7003769841269841
T462,E189,P9,Development,High,Completed,2024-01-25,2024-01-29,2024-01-30,5,9,Yes,5,0.5555555555555556,Employee_89,F,47,Sales,Analyst,7,,Hybrid,Bangalore,M208,Low,Full-time,0.7708
T463,E163,P8,Testing,Low,Completed,2024-02-10,2024-02-14,2024-02-14,5,3,No,4,1.6666666666666667,Employee_63,F,46,Sales,Engineer,10,,Remote,Delhi,M209,High,Full-time,0.6536309523809524
T464,E106,P19,Development,Medium,Completed,2024-01-24,2024-01-25,2024-01-25,3,7,No,1,0.42857142857142855,Employee_6,M,32,HR,Engineer,3,,Onsite,Pune,M202,Low,Full-time,0.7846402116402116
T465,E142,P3,Meeting,High,Completed,2024-02-12,2024-02-14,2024-02-14,6,5,No,2,1.2,Employee_42,M,26,Sales,Manager,6,,Hybrid,Pune,M209,Mid,Full-time,0.7699938271604938
T466,E188,P1,Development,Medium,Completed,2024-02-18,2024-02-23,2024-02-23,3,5,No,5,0.6,Employee_88,M,32,IT,Analyst,12,,Remote,Bangalore,M203,Low,Full-time,0.6921111111111111
T467,E185,P10,Development,Low,Completed,2024-01-22,2024-01-27,2024-01-27,3,9,No,5,0.3333333333333333,Employee_85,M,22,IT,Engineer,4,,Hybrid,Delhi,M203,Low,Full-time,0.690952380952381
T468,E134,P11,Development,Low,Completed,2024-01-01,2024-01-02,2024-01-02,5,8,No,1,0.625,Employee_34,F,38,Finance,Engineer,2,,Onsite,Bangalore,M201,Mid,Full-time,0.7932837301587301
T469,E165,P6,Testing,Low,Completed,2024-02-17,2024-02-21,2024-02-21,7,8,No,4,0.875,Employee_65,M,36,Sales,Analyst,12,,Remote,Mumbai,M207,Low,Full-time,0.8254166666666667
T470,E148,P3,Development,High,Completed,2024-01-06,2024-01-08,2024-01-08,7,3,No,2,2.3333333333333335,Employee_48,M,40,Sales,Executive,12,,Remote,Pune,M201,Mid,Full-time,0.7464857142857143
T471,E133,P17,Testing,High,Completed,2024-01-05,2024-01-09,2024-01-09,5,4,No,4,1.25,Employee_33,M,33,Finance,Analyst,13,,Onsite,Pune,M202,Mid,Full-time,0.7180555555555556
T472,E166,P11,Development,Low,Completed,2024-01-31,2024-02-05,2024-02-05,5,5,No,5,1.0,Employee_66,M,43,Finance,Executive,14,,Onsite,Bangalore,M202,High,Full-time,0.7827767857142858
T473,E187,P4,Testing,Medium,Completed,2024-02-15,2024-02-17,2024-02-18,5,6,Yes,3,0.8333333333333334,Employee_87,M,41,Finance,Manager,6,,Hybrid,Delhi,M210,Low,Full-time,0.7224355158730159
T474,E187,P1,Testing,Low,Completed,2024-02-02,2024-02-07,2024-02-07,8,9,No,5,0.8888888888888888,Employee_87,M,41,Finance,Manager,6,,Hybrid,Delhi,M210,Low,Full-time,0.7224355158730159
T475,E125,P4,Meeting,High,Completed,2024-01-04,2024-01-06,2024-01-07,8,3,Yes,3,2.6666666666666665,Employee_25,M,44,Finance,Manager,8,,Remote,Bangalore,M209,Low,Full-time,0.7844189342403628
T476,E173,P3,Testing,Low,Completed,2024-01-25,2024-01-28,2024-01-28,5,6,No,3,0.8333333333333334,Employee_73,M,45,Sales,Executive,2,,Hybrid,Delhi,M201,Low,Full-time,0.7672698412698413
T477,E191,P11,Testing,High,Completed,2024-01-25,2024-01-27,2024-01-27,2,6,No,2,0.3333333333333333,Employee_91,F,40,HR,Engineer,1,,Remote,Pune,M208,Mid,Full-time,0.7453831569664904
T478,E115,P14,Meeting,High,Completed,2024-01-17,2024-01-21,2024-01-21,5,10,No,4,0.5,Employee_15,M,32,IT,Engineer,2,,Remote,Mumbai,M210,Low,Full-time,0.8273928571428572
T479,E116,P6,Testing,Medium,Completed,2024-02-07,2024-02-10,2024-02-10,3,9,No,3,0.3333333333333333,Employee_16,M,24,HR,Manager,14,,Onsite,Mumbai,M204,Low,Full-time,0.7408333333333333
T480,E155,P6,Development,High,Completed,2024-01-20,2024-01-23,2024-01-24,4,3,Yes,4,1.3333333333333333,Employee_55,M,33,Finance,Executive,10,,Remote,Bangalore,M210,High,Full-time,0.7941666666666667
T481,E116,P20,Testing,Low,Completed,2024-02-04,2024-02-09,2024-02-10,3,2,Yes,6,1.5,Employee_16,M,24,HR,Manager,14,,Onsite,Mumbai,M204,Low,Full-time,0.7408333333333333
T482,E184,P15,Meeting,High,Completed,2024-01-10,2024-01-15,2024-01-16,2,6,Yes,6,0.3333333333333333,Employee_84,F,29,Finance,Manager,3,,Hybrid,Delhi,M206,High,Full-time,0.6777777777777777
T483,E193,P12,Analysis,Low,Completed,2024-02-22,2024-02-25,2024-02-25,2,3,No,3,0.6666666666666666,Employee_93,M,32,HR,Engineer,14,,Onsite,Delhi,M208,High,Full-time,0.7477777777777779
T484,E120,P14,Meeting,Low,Completed,2024-01-19,2024-01-23,2024-01-23,8,3,No,4,2.6666666666666665,Employee_20,F,43,HR,Analyst,3,,Hybrid,Mumbai,M203,Mid,Full-time,0.7044583333333333
T485,E187,P1,Analysis,High,Completed,2024-01-12,2024-01-15,2024-01-16,7,7,Yes,4,1.0,Employee_87,M,41,Finance,Manager,6,,Hybrid,Delhi,M210,Low,Full-time,0.7224355158730159
T486,E118,P3,Meeting,Medium,Completed,2024-02-08,2024-02-09,2024-02-09,2,9,No,1,0.2222222222222222,Employee_18,M,38,Finance,Engineer,5,,Remote,Delhi,M210,High,Full-time,0.71875
T487,E112,P18,Analysis,High,Completed,2024-01-22,2024-01-23,2024-01-24,7,3,Yes,2,2.3333333333333335,Employee_12,F,25,Sales,Manager,9,,Remote,Mumbai,M206,Low,Full-time,0.7671728395061729
T488,E117,P10,Testing,Low,Completed,2024-02-22,2024-02-25,2024-02-25,5,2,No,3,2.5,Employee_17,M,31,Finance,Executive,5,,Remote,Mumbai,M210,Mid,Full-time,0.7257936507936509
T489,E192,P4,Testing,High,Completed,2024-02-08,2024-02-10,2024-02-11,7,3,Yes,3,2.3333333333333335,Employee_92,F,42,Finance,Executive,14,,Onsite,Bangalore,M205,Low,Full-time,0.7756481481481482
T490,E186,P1,Analysis,High,Completed,2024-01-06,2024-01-11,2024-01-11,3,10,No,5,0.3,Employee_86,F,35,HR,Analyst,13,,Onsite,Mumbai,M203,High,Full-time,0.7495502645502645
T491,E195,P16,Meeting,Medium,Completed,2024-01-12,2024-01-16,2024-01-16,4,8,No,4,0.5,Employee_95,F,47,HR,Manager,12,,Remote,Delhi,M203,Low,Full-time,0.7920340136054422
T492,E196,P6,Meeting,High,Completed,2024-02-10,2024-02-12,2024-02-13,3,9,Yes,3,0.3333333333333333,Employee_96,M,24,HR,Engineer,5,,Hybrid,Mumbai,M205,High,Full-time,0.7428677248677249
T493,E157,P11,Development,Medium,Completed,2024-01-15,2024-01-20,2024-01-21,8,3,Yes,6,2.6666666666666665,Employee_57,F,24,HR,Engineer,2,,Hybrid,Pune,M203,Low,Full-time,0.822
T494,E107,P4,Meeting,Medium,Completed,2024-01-10,2024-01-14,2024-01-14,2,5,No,4,0.4,Employee_7,F,44,IT,Executive,12,,Hybrid,Delhi,M201,High,Full-time,0.7711388888888889
T495,E200,P7,Testing,High,Completed,2024-02-04,2024-02-09,2024-02-09,4,8,No,5,0.5,Employee_100,M,26,Sales,Manager,9,,Remote,Mumbai,M206,High,Full-time,0.7866269841269842
T496,E166,P13,Development,Medium,Completed,2024-03-01,2024-03-03,2024-03-03,8,7,No,2,1.1428571428571428,Employee_66,M,43,Finance,Executive,14,,Onsite,Bangalore,M202,High,Full-time,0.7827767857142858
T497,E127,P2,Analysis,Medium,Completed,2024-01-01,2024-01-02,2024-01-02,5,7,No,1,0.7142857142857143,Employee_27,F,23,Finance,Manager,15,,Onsite,Mumbai,M203,High,Full-time,0.7761285714285714
T498,E182,P9,Development,Medium,Completed,2024-01-01,2024-01-05,2024-01-05,7,8,No,4,0.875,Employee_82,F,43,Finance,Manager,4,,Hybrid,Bangalore,M201,High,Full-time,0.7195088183421517
T499,E195,P10,Meeting,High,Completed,2024-01-31,2024-02-02,2024-02-02,8,6,No,2,1.3333333333333333,Employee_95,F,47,HR,Manager,12,,Remote,Delhi,M203,Low,Full-time,0.7920340136054422
T500,E179,P14,Meeting,Medium,Completed,2024-02-15,2024-02-17,2024-02-18,7,10,Yes,3,0.7,Employee_79,F,24,HR,Executive,15,,Hybrid,Bangalore,M201,Low,Full-time,0.7968518518518518
